原接口名称	原接口编号	所属数据实体	所属服务名	公有/私有	MEP(消息交换模式)	合并建议	其他修订建议	所属服务体系	服务发布者	服务订阅者
标准利率互换到期结算利率	PTPS-SHCH-2	基础行情数据	本币标准产品到期结算价（到期交割价）	私有服务	双向：Out-In	A8、A10、A12	/	核心交易体系	交易后处理系统	上海清算所
标准债券远期到期结算价	PTPS-SHCH-1	基础行情数据	本币标准产品到期结算价（到期交割价）	私有服务	双向：Out-In	A8、A10、A12	/	核心交易体系	交易后处理系统	上海清算所
交割指令	PTPS-CDC-1	基础行情数据	交割指令	公有服务	单向：Out-Only	/	/	公共服务体系	交易后处理系统	中央国债登记结算公司
IRS净额清算-审核结果统计	SHCH-RMBTS-9	清算数据	本币利率互换市场清算承接审核结果统计	私有服务	单向：Out-Only	/	/	交易后服务体系	上海清算所	本币交易系统
标准债券远期集中净额清算业务-当日交易总笔数核对结果	RMBTS-SHCH-30	基础统计数据	清算所--本币标准产品日终交易笔数反馈（核对结果）	私有服务	单向：Out-Only	A8、A10、A12	/	公共服务体系	上海清算所	本币交易系统
财政部国债做市支持系统发送给本币交易系统的现券成交	MMSSMF-RMBTS-1-R	成交信息	现券买卖成交--财政部做市支持	私有服务	单向：Out-Only	/	/	核心交易体系	财政部做市支持系统	本币交易系统
CDC发送给本币交易系统的现券买卖流通量	MMSSMF-RMBTS-1	成交信息	现券买卖成交--财政部做市支持反馈	私有服务	单向：Out-Only	/	/	核心交易体系	本币交易系统	财政部做市支持系统
外汇期权报价	ICAP-FXTS-4	报价信息	外汇期权最优报价--货币经纪	公有服务	单向：Out-Only	/	/	核心交易体系	国际货币经纪公司ICAP	外汇交易系统
接口组-接收本币的汇总行情	RMBTS-XTRADE-Repo-9	基础统计数据	质押式回购成交行情	公有服务	单向：Out-Only	A16	/	公共服务体系	本币交易系统	标准金融资产及衍生品交易系统
利率互换数据	RMBTS-RMBMSS-26	成交确认数据	利率互换交易确认数据	公有服务	单向：Out-Only	/	/	交易后服务体系	本币交易系统	本币监测系统
成交确认	FXTS-FXCSTP-1-R	成交确认数据	外汇成交确认	私有服务	单向：Out-Only	A12	/	交易后服务体系	外汇交易直通式处理系统（外汇CSTP）	外汇交易系统
质押式回购押券替换（关联机构）	RMBTS-CSTP-26-2	交易替换数据	质押式回购关联机构押券替换响应	私有服务	双向：In-Out	A12	/	交易后服务体系	本币交易直通式处理系统（本币CSTP）	本币交易系统
质押式回购押券替换	RMBTS-CSTP-12-2	交易替换数据	质押式回购押券替换响应	私有服务	双向：In-Out	A12	/	交易后服务体系	本币交易直通式处理系统（本币CSTP）	本币交易系统
FTS获取文件指令数据	CDITS-Ihub-FTS-1	技术信息	FTS获取文件指令信息	私有服务	单向：Out-Only	/	/	各体系共通	大额存单发行注册系统	文件传输中间件
指令信息-FTS根据指令获取文件	ICDIS-Ihub-FTS-1	技术信息	FTS获取文件指令信息	私有服务	单向：Out-Only	/	/	各体系共通	货币及债务工具发行系统（原名：同业存单发行系统）	文件传输中间件
报文重发	CFAT-RMBTS-2	技术信息	报文重发	私有服务	单向：Out-Only	/	/	各体系共通	本币交易系统	北金所
债券交易净额清算-净额清算承接结果反馈技术反馈	SHCH-RMBTS-11-2	技术信息	债券交易净额清算承接结果技术反馈	私有服务	单向：Out-Only	/	/	各体系共通	本币交易系统	上海清算所
IRS净额清算-确认结束状态	RMBTS-SHCH-22-1	交易状态通知数据	本币利率互换净额清算确认结束状态	私有服务	双向：Out-In	A12	/	交易后服务体系	本币交易系统	上海清算所
IRS净额清算-确认结束反馈	RMBTS-SHCH-22-2	交易状态通知数据	本币利率互换净额清算确认结束状态反馈	私有服务	单向：Out-Only	A12	/	交易后服务体系	上海清算所	本币交易系统
标准债券远期集中净额清算业务-可交割券	RMBTS-SHCH-32-1	产品基础信息	本币标准产品可交割券	私有服务	双向：Out-In	A10、A12	/	公共服务体系	本币交易系统	上海清算所
清算所-可交割券	XTRADE-SHCH-SBF-9	产品基础信息	本币标准产品可交割券	私有服务	双向：Out-In	A10、A12	/	公共服务体系	标准金融资产及衍生品交易系统	上海清算所
标准债券远期集中净额清算业务-可交割券信息反馈	RMBTS-SHCH-32-2	产品基础信息	本币标准产品可交割券反馈	私有服务	单向：Out-Only	A10、A12	/	公共服务体系	上海清算所	本币交易系统
清算所-可交割券-反馈	XTRADE-SHCH-SBF-9-R	产品基础信息	本币标准产品可交割券反馈	私有服务	单向：Out-Only	A10、A12	/	公共服务体系	上海清算所	标准金融资产及衍生品交易系统
合约基础参数（本币交易系统）	XTRADE-RMBTS-SBF-24	产品基础信息	本币合约参数	公有服务	单向：Out-Only	/	/	公共服务体系	标准金融资产及衍生品交易系统	本币交易系统
存单备案反馈数据	CIM-CDITS-7-R	成交备案信息	存单备案反馈数据	私有服务	单向：Out-Only	A12	/	交易后服务体系	大额存单发行备案系统	会员机构管理系统
存单备案数据	CIM-CDITS-7	成交备案信息	存单备案数据	私有服务	双向：Out-In	A12	/	交易后服务体系	会员机构管理系统	大额存单发行备案系统
清算所-合约参数	SHCH-XTRADE-SIRS-8	产品基础信息	清算所--本币标准产品合约参数	私有服务	双向：Out-In	A10、A12	/	公共服务体系	上海清算所	标准金融资产及衍生品交易系统
标准利率互换集中清算业务-合约参数	SHCH-RMBTS-16-1	产品基础信息	清算所--本币标准产品合约参数	私有服务	双向：Out-In	A8、A10、A12	/	公共服务体系	上海清算所	本币交易系统
标准债券远期集中净额清算业务-合约参数	SHCH-RMBTS-14-1	产品基础信息	清算所--本币标准产品合约参数	私有服务	双向：Out-In	A8、A10、A12	/	公共服务体系	上海清算所	本币交易系统
清算所-合约参数-反馈	SHCH-XTRADE-SIRS-8-R	产品基础信息	清算所--本币标准产品合约参数反馈	私有服务	单向：Out-Only	A10、A12	/	公共服务体系	标准金融资产及衍生品交易系统	上海清算所
标准利率互换集中清算业务-合约参数反馈	SHCH-RMBTS-16-2	产品基础信息	清算所--本币标准产品合约参数反馈	私有服务	单向：Out-Only	A8、A10、A12	/	公共服务体系	本币交易系统	上海清算所
标准债券远期集中净额清算业务-合约参数反馈	SHCH-RMBTS-14-2	产品基础信息	清算所--本币标准产品合约参数反馈	私有服务	单向：Out-Only	A8、A10、A12	/	公共服务体系	本币交易系统	上海清算所
清算所-合约数据	XTRADE-SHCH-SIRS-7	产品基础信息	清算所--本币标准产品合约数据	私有服务	双向：Out-In	A10、A12	/	公共服务体系	标准金融资产及衍生品交易系统	上海清算所
标准利率互换集中清算业务-合约数据	RMBTS-SHCH-41-1	产品基础信息	清算所--本币标准产品合约数据	私有服务	双向：Out-In	A8、A10、A12	/	公共服务体系	本币交易系统	上海清算所
标准债券远期集中净额清算业务-合约数据	RMBTS-SHCH-31-1	产品基础信息	清算所--本币标准产品合约数据	私有服务	双向：Out-In	A8、A10、A12	/	公共服务体系	本币交易系统	上海清算所
清算所-合约数据-反馈	XTRADE-SHCH-SIRS-7-R	产品基础信息	清算所--本币标准产品合约数据反馈	私有服务	单向：Out-Only	A10、A12	/	公共服务体系	上海清算所	标准金融资产及衍生品交易系统
标准利率互换集中清算业务-合约数据反馈	RMBTS-SHCH-41-2	产品基础信息	清算所--本币标准产品合约数据反馈	私有服务	单向：Out-Only	A8、A10、A12	/	公共服务体系	上海清算所	本币交易系统
标准债券远期集中净额清算业务-合约数据反馈	RMBTS-SHCH-31-2	产品基础信息	清算所--本币标准产品合约数据反馈	私有服务	单向：Out-Only	A8、A10、A12	/	公共服务体系	上海清算所	本币交易系统
超短期融资券发行	SHCH-RMBTS-2-1	产品基础信息	清算所--交易工具发行--超短期融资券	私有服务	双向：Out-In	A12	/	公共服务体系	上海清算所	本币交易系统
定向工具发行	SHCH-RMBTS-4-1	产品基础信息	清算所--交易工具发行--定向工具	私有服务	双向：Out-In	A12	/	公共服务体系	上海清算所	本币交易系统
短期融资券发行	SHCH-RMBTS-3-1	产品基础信息	清算所--交易工具发行--短期融资券	私有服务	双向：Out-In	A12	/	公共服务体系	上海清算所	本币交易系统
同业存单发行反馈	SHCH-ICDIS-1-R	产品基础信息	清算所--交易工具发行反馈--同业存单	私有服务	双向：In-Out	A10、A12	/	公共服务体系	货币及债务工具发行系统（原名：同业存单发行系统）	上海清算所
同业存单发行	SHCH-RMBTS-7-1	产品基础信息	清算所--交易工具发行--同业存单	私有服务	双向：Out-In	A10、A12	/	公共服务体系	上海清算所	本币交易系统
同业存单发行（交易流通）	SHCH-ICDIS-1	产品基础信息	清算所--交易工具发行--同业存单	私有服务	单向：Out-Only	A10、A12	/	公共服务体系	上海清算所	货币及债务工具发行系统（原名：同业存单发行系统）
信用风险缓释凭证发行	SHCH-RMBTS-1-1	产品基础信息	清算所--交易工具发行--信用风险缓释凭证	私有服务	双向：Out-In	A12	/	公共服务体系	上海清算所	本币交易系统
ABS发行	SHCH-RMBTS-5	产品基础信息	清算所--交易工具发行--资产支持证券	公有服务	单向：Out-Only	/	/	公共服务体系	上海清算所	本币交易系统
接口组-质押匿名点击场次信息发往监测系统	XTRADE-RMBMSS-Repo-6	场次数据	质押匿名点击场次信息	公有服务	单向：Out-Only	/	/	公共服务体系	标准金融资产及衍生品交易系统	本币监测系统
竞价会员基础信息	FXTS-SHCH-9	会员权限信息	清算所--外汇竞价交易会员信息	私有服务	单向：Out-Only	/	/	公共服务体系	外汇交易系统	上海清算所
日终发送结算银行与保证金银行全量信息	FXTS-SHCH-4	会员权限信息	清算所--外汇日终会员结算银行与保证金银行信息	私有服务	单向：Out-Only	/	/	公共服务体系	外汇交易系统	上海清算所
日终发送询价净额清算会员全量信息	FXTS-SHCH-2	会员权限信息	清算所--外汇日终询价交易会员信息	私有服务	双向：Out-In	A12	/	公共服务体系	外汇交易系统	上海清算所
日终批量发送询价净额清算会员信息核对结果	FXTS-SHCH-2-R	会员权限信息	清算所--外汇日终询价交易会员信息反馈	私有服务	单向：Out-Only	A12	/	公共服务体系	上海清算所	外汇交易系统
债券交易净额清算-净额清算资质机构名单	SHCH-RMBTS-12	会员权限信息	债券交易净额清算资质机构名单	私有服务	单向：Out-Only	/	/	公共服务体系	上海清算所	本币交易系统
北金所机构会员基础数据	CFAT-RMBTS-1	机构基础信息	北金所交易会员信息	私有服务	单向：Out-Only	/	/	公共服务体系	北金所	本币交易系统
IRS净额清算-机构基础信息	RMBTS-SHCH-17	机构基础信息	本币利率互换会员信息	私有服务	单向：Out-Only	/	/	公共服务体系	本币交易系统	上海清算所
闭市统计-本币	PTPS-IHUb-SHCH-4	基础统计数据	本币闭市统计	私有服务	双向：Out-In	A12	/	公共服务体系	交易后处理系统	上海清算所
闭市统计	RMBTS-PTPS-9	基础统计数据	本币闭市统计	公有服务	单向：Out-Only	A16	/	公共服务体系	本币交易系统	交易后处理系统
闭市统计	RMBTS-PTPS-11	基础统计数据	本币闭市统计	公有服务	单向：Out-Only	A16	/	公共服务体系	本币交易系统	交易后处理系统
本币系统闭市反馈	SHCH-Ihub-PTPS-4	基础统计数据	本币闭市统计反馈	私有服务	单向：Out-Only	A12	/	公共服务体系	上海清算所	交易后处理系统
IRS净额清算-日终交易中心闭市状态	RMBTS-SHCH-21-1	基础统计数据	本币利率互换闭市统计	私有服务	双向：Out-In	A12	/	公共服务体系	本币交易系统	上海清算所
IRS净额清算-闭市反馈	RMBTS-SHCH-21-2	基础统计数据	本币利率互换闭市统计反馈	私有服务	单向：Out-Only	A12	/	公共服务体系	上海清算所	本币交易系统
预收盘	RMBTS-PTPS-10	基础统计数据	本币预收盘	公有服务	单向：Out-Only	/	/	公共服务体系	本币交易系统	交易后处理系统
闭市统计-交易后	PTPS-IHUb-SHCH-5	基础统计数据	闭市统计	私有服务	双向：Out-In	A12	/	公共服务体系	交易后处理系统	上海清算所
交易后系统闭市反馈	SHCH-Ihub-PTPS-5	基础统计数据	闭市统计反馈	私有服务	单向：Out-Only	A12	/	公共服务体系	上海清算所	交易后处理系统
统计数据(接口存在但不使用)	XTRADE-RMBTS-IRS-15	基础统计数据	标准利率互换统计数据	公有服务	单向：Out-Only	/	/	公共服务体系	标准金融资产及衍生品交易系统	本币交易系统
清算所-当日交易总笔数	XTRADE-SHCH-SIRS-5	基础统计数据	清算所--本币标准产品日终交易笔数	私有服务	双向：Out-In	A10、A12	/	公共服务体系	标准金融资产及衍生品交易系统	上海清算所
标准利率互换集中清算业务-当日交易总笔数	RMBTS-SHCH-39	基础统计数据	清算所--本币标准产品日终交易笔数	私有服务	单向：Out-Only	A8、A10、A12	/	公共服务体系	本币交易系统	上海清算所
标准债券远期集中净额清算业务-当日交易总笔数	RMBTS-SHCH-29	基础统计数据	清算所--本币标准产品日终交易笔数	私有服务	单向：Out-Only	A8、A10、A12	/	公共服务体系	本币交易系统	上海清算所
清算所-当日交易总笔数-反馈	XTRADE-SHCH-SIRS-5-R	基础统计数据	清算所--本币标准产品日终交易笔数反馈（核对结果）	私有服务	单向：Out-Only	A10、A12	/	公共服务体系	上海清算所	标准金融资产及衍生品交易系统
标准利率互换集中清算业务-当日交易总笔数核对结果	RMBTS-SHCH-40	基础统计数据	清算所--本币标准产品日终交易笔数反馈（核对结果）	私有服务	单向：Out-Only	A8、A10、A12	/	公共服务体系	上海清算所	本币交易系统
日终发送汇总交易笔数和累计交易金额	FXTS-SHCH-3	基础统计数据	清算所--外汇交易笔数和累计交易金额	私有服务	双向：Out-In	A12	/	公共服务体系	外汇交易系统	上海清算所
日终发送汇总交易笔数和累计交易金额核对结果	FXTS-SHCH-3-R	基础统计数据	清算所--外汇交易笔数和累计交易金额反馈	私有服务	单向：Out-Only	A12	/	公共服务体系	上海清算所	外汇交易系统
日终交易系统闭市状态信息	FXTS-SHCH-5	基础统计数据	外汇闭市统计	公有服务	单向：Out-Only	/	/	公共服务体系	外汇交易系统	上海清算所
清洗后利率互换成交信息	DPS-RMBMSS-3	交易行为分析数据	本币利率互换成交清洗后信息	公有服务	单向：Out-Only	/	/	公共服务体系	数据处理系统	本币监测系统
异常交易数据	DPS-RMBMSS-1	交易行为分析数据	异常交易数据	公有服务	单向：Out-Only	/	/	公共服务体系	数据处理系统	本币监测系统
早上开市消息	RMBTS-XTRADE-IRS-4	交易时段变更信息	本币标准产品交易时段变更信息	公有服务	单向：Out-Only	A16	/	公共服务体系	本币交易系统	标准金融资产及衍生品交易系统
交易系统开盘信息	RMBTS-CFAT-1	交易时段变更信息	本币交易时段变更信息--北金所	公有服务	单向：Out-Only	/	/	公共服务体系	本币交易系统	北金所
接口组-质押匿名点击成交应急数据发往X-Trade（本币）	RMBTS-XTRADE-Repo-3	交易时段变更信息	本币交易时段变更信息--质押匿名点击	公有服务	单向：Out-Only	A16	/	公共服务体系	本币交易系统	标准金融资产及衍生品交易系统
开市信息	FXTS-CSWAP-1	交易时段变更信息	外汇标准产品交易时段变更信息	公有服务	单向：Out-Only	/	/	公共服务体系	外汇交易系统	标准化外汇产品交易系统
ETF市场-意向报价	RMBTS-CMDS-10-1	报价信息	ETF基金买卖意向报价	公有服务	单向：Out-Only	/	/	核心交易体系	本币交易系统	市场数据发布系统
发送报文查询请求	RMBTS-RMBSCM-9-1	报价信息	报文查询请求--结算代理模块	私有服务	单向：Out-Only	本币与本币结算代理模块交互的请求服务与响应服务合并	/	核心交易体系	本币交易系统	结算代理模块
接收报文查询响应	RMBTS-RMBSCM-9-2	报价信息	报文查询响应--结算代理模块	私有服务	双向：In-Out	本币与本币结算代理模块交互的请求服务与响应服务合并	/	核心交易体系	结算代理模块	本币交易系统
要约指令（做市报价）	RMBTS-CFAT-2	订单信息	本币做市报价--北金所要约指令	私有服务	单向：Out-Only	本币给北金所的做市报价与做市报价撤销合并	建议修订为私有服务	核心交易体系	本币交易系统	北金所
撤销要约指令	RMBTS-CFAT-3	订单信息	本币做市报价撤销--北金所要约指令	私有服务	单向：Out-Only	本币给北金所的做市报价与做市报价撤销合并	建议修订为私有服务	核心交易体系	本币交易系统	北金所
Excel报价－利率互换报价	ICAP-BMS-7	报价信息	利率互换市场最优报价--货币经纪	公有服务	单向：Out-Only	/	/	核心交易体系	国际货币经纪公司ICAP	市场基准参考系统
债券台－现券买卖标准单边报价	ICAP-BMS-8	报价信息	现券买卖标准单边报价--货币经纪	公有服务	单向：Out-Only	/	/	核心交易体系	国际货币经纪公司ICAP	市场基准参考系统
债券台－现券买卖标准双边报价	ICAP-BMS-9	报价信息	现券买卖标准双边报价--货币经纪	公有服务	单向：Out-Only	/	/	核心交易体系	国际货币经纪公司ICAP	市场基准参考系统
债券台－现券买卖单边无价格无数量报价	ICAP-BMS-11	报价信息	现券买卖单边无价格无数量报价--货币经纪	公有服务	单向：Out-Only	/	/	核心交易体系	国际货币经纪公司ICAP	市场基准参考系统
债券台－现券买卖单边无价格有数量报价	ICAP-BMS-10	报价信息	现券买卖单边无价格有数量报价--货币经纪	公有服务	单向：Out-Only	/	/	核心交易体系	国际货币经纪公司ICAP	市场基准参考系统
债券台－现券买卖双向单价格单数量报价	ICAP-BMS-12	报价信息	现券买卖双向单价格单数量报价--货币经纪	公有服务	单向：Out-Only	/	/	核心交易体系	国际货币经纪公司ICAP	市场基准参考系统
债券台－现券买卖双向双价格单数量报价	ICAP-BMS-13	报价信息	现券买卖双向双价格单数量报价--货币经纪	公有服务	单向：Out-Only	/	/	核心交易体系	国际货币经纪公司ICAP	市场基准参考系统
利率互换市场-（浮动）浮动一次点击成交报价	RMBTS-CMDS-7-5	报价信息	利率互换(浮动)浮动互换点击成交报价	公有服务	单向：Out-Only	/	/	核心交易体系	本币交易系统	市场数据发布系统
利率互换市场-本方（浮动）浮动对话报价	RMBTS-CSTP-7-6	报价信息	利率互换(浮动)浮动互换对话报价	公有服务	单向：Out-Only	/	/	核心交易体系	本币交易系统	本币交易直通式处理系统（本币CSTP）
利率互换（IRS）双边报价—基准互换	RMBTS-SHIBOR-4	报价信息	利率互换(浮动)浮动互换双向报价	公有服务	单向：Out-Only	本币给shibor、CMDS系统的利率互换(浮动)浮动互换双向报价服务合并	/	核心交易体系	本币交易系统	上海银行间同业拆放利率系统
利率互换市场-（浮动）浮动双向报价	RMBTS-CMDS-7-6	报价信息	利率互换(浮动)浮动互换双向报价	公有服务	单向：Out-Only	本币给shibor、CMDS系统的利率互换(浮动)浮动互换双向报价服务合并	/	核心交易体系	本币交易系统	市场数据发布系统
利率互换市场-（浮动）浮动意向报价	RMBTS-CMDS-7-4	报价信息	利率互换(浮动)浮动意向报价	公有服务	单向：Out-Only	/	/	核心交易体系	本币交易系统	市场数据发布系统
利率互换市场-（固定）浮动一次点击成交报价	RMBTS-CMDS-7-2	报价信息	利率互换(固定)浮动点击成交报价	公有服务	单向：Out-Only	/	/	核心交易体系	本币交易系统	市场数据发布系统
利率互换市场-本方（固定）浮动对话报价	RMBTS-CSTP-7-2	报价信息	利率互换(固定)浮动对话报价	公有服务	单向：Out-Only	/	/	核心交易体系	本币交易系统	本币交易直通式处理系统（本币CSTP）
利率互换市场-（固定）浮动双向报价	RMBTS-CMDS-7-3	报价信息	利率互换(固定)浮动双向报价	公有服务	单向：Out-Only	/	/	核心交易体系	本币交易系统	市场数据发布系统
利率互换市场-（固定）浮动意向报价	RMBTS-CMDS-7-1	报价信息	利率互换(固定)浮动意向报价	公有服务	单向：Out-Only	/	/	核心交易体系	本币交易系统	市场数据发布系统
利率互换市场-关联机构（浮动）浮动点击成交报价	RMBTS-CSTP-21-7	报价信息	利率互换关联机构(浮动)浮动点击成交报价	公有服务	单向：Out-Only	/	/	核心交易体系	本币交易系统	本币交易直通式处理系统（本币CSTP）
利率互换市场-关联机构（浮动）浮动对话报价	RMBTS-CSTP-21-6	报价信息	利率互换关联机构(浮动)浮动对话报价	公有服务	单向：Out-Only	/	/	核心交易体系	本币交易系统	本币交易直通式处理系统（本币CSTP）
利率互换市场-关联机构（浮动）浮动双向报价	RMBTS-CSTP-21-8	报价信息	利率互换关联机构(浮动)浮动双向报价	公有服务	单向：Out-Only	/	/	核心交易体系	本币交易系统	本币交易直通式处理系统（本币CSTP）
利率互换市场-关联机构（浮动）浮动意向报价	RMBTS-CSTP-21-5	报价信息	利率互换关联机构(浮动)浮动意向报价	公有服务	单向：Out-Only	/	/	核心交易体系	本币交易系统	本币交易直通式处理系统（本币CSTP）
利率互换市场-关联机构（固定）浮动一次确认点击成交报价	RMBTS-CSTP-21-3	报价信息	利率互换关联机构(固定)浮动点击成交报价	公有服务	单向：Out-Only	/	/	核心交易体系	本币交易系统	本币交易直通式处理系统（本币CSTP）
利率互换市场-关联机构（固定）浮动对话报价	RMBTS-CSTP-21-2	报价信息	利率互换关联机构(固定)浮动对话报价	公有服务	单向：Out-Only	/	/	核心交易体系	本币交易系统	本币交易直通式处理系统（本币CSTP）
利率互换市场-关联机构（固定）浮动双向报价	RMBTS-CSTP-21-4	报价信息	利率互换关联机构(固定)浮动双向报价	公有服务	单向：Out-Only	/	/	核心交易体系	本币交易系统	本币交易直通式处理系统（本币CSTP）
利率互换市场-关联机构（固定）浮动意向报价	RMBTS-CSTP-21-1	报价信息	利率互换关联机构(固定)浮动意向报价	公有服务	单向：Out-Only	/	/	核心交易体系	本币交易系统	本币交易直通式处理系统（本币CSTP）
利率互换期权市场-本方对话报价	RMBTS-CSTP-13-1	报价信息	利率互换期权对话报价	公有服务	单向：Out-Only	/	/	核心交易体系	本币交易系统	本币交易直通式处理系统（本币CSTP）
利率互换期权市场-关联机构对话报价	RMBTS-CSTP-27-1	报价信息	利率互换期权关联机构对话报价	公有服务	单向：Out-Only	/	/	核心交易体系	本币交易系统	本币交易直通式处理系统（本币CSTP）
利率上限/下限期权市场-本方对话报价	RMBTS-CSTP-14-1	报价信息	利率上限/下限期权对话报价	公有服务	单向：Out-Only	/	/	核心交易体系	本币交易系统	本币交易直通式处理系统（本币CSTP）
利率上限/下限期权市场-关联机构对话报价	RMBTS-CSTP-28-1	报价信息	利率上限/下限期权关联机构对话报价	公有服务	单向：Out-Only	/	/	核心交易体系	本币交易系统	本币交易直通式处理系统（本币CSTP）
买断式回购市场-本方对话报价	RMBTS-CSTP-3-2	报价信息	买断式回购对话报价	公有服务	单向：Out-Only	/	/	核心交易体系	本币交易系统	本币交易直通式处理系统（本币CSTP）
买断式回购市场-关联机构对话报价	RMBTS-CSTP-17-2	报价信息	买断式回购关联机构对话报价	公有服务	单向：Out-Only	/	/	核心交易体系	本币交易系统	本币交易直通式处理系统（本币CSTP）
买断式回购市场-关联机构意向报价	RMBTS-CSTP-17-1	报价信息	买断式回购关联机构意向报价	公有服务	单向：Out-Only	/	/	核心交易体系	本币交易系统	本币交易直通式处理系统（本币CSTP）
买断式回购市场-意向报价	RMBTS-CMDS-3-1	报价信息	买断式回购意向报价	公有服务	单向：Out-Only	/	/	核心交易体系	本币交易系统	市场数据发布系统
现券买卖市场-做市报价	RMBTS-CMDS-4-3	报价信息	现券买卖做市报价	公有服务	单向：Out-Only	确定合并	/	核心交易体系	本币交易系统	市场数据发布系统
资产支持类证券市场-做市报价	RMBTS-CMDS-5-4	报价信息	现券买卖做市报价	公有服务	单向：Out-Only	确定合并	/	核心交易体系	本币交易系统	市场数据发布系统
现券买卖市场-点击成交报价	RMBTS-CMDS-4-2	报价信息	现券买卖点击成交报价	公有服务	单向：Out-Only	确定合并	/	核心交易体系	本币交易系统	市场数据发布系统
资产支持类证券市场-点击成交报价	RMBTS-CMDS-5-2	报价信息	现券买卖点击成交报价	公有服务	单向：Out-Only	确定合并	/	核心交易体系	本币交易系统	市场数据发布系统
发送现券点击成交报价	RMBTS-RMBSCM-4-1	报价信息	现券买卖点击成交报价请求--结算代理模块	私有服务	双向：Out-In	本币与本币结算代理模块交互的请求服务与响应服务合并	/	核心交易体系	本币交易系统	结算代理模块
接收现券点击成交报价响应	RMBTS-RMBSCM-4-2	报价信息	现券买卖点击成交报价响应--结算代理模块	私有服务	单向：Out-Only	本币与本币结算代理模块交互的请求服务与响应服务合并	/	核心交易体系	结算代理模块	本币交易系统
现券买卖市场-本方对话报价	RMBTS-CSTP-4-4	报价信息	现券买卖对话报价	公有服务	单向：Out-Only	确定合并	/	核心交易体系	本币交易系统	本币交易直通式处理系统（本币CSTP）
资产支持证券市场-本方对话报价	RMBTS-CSTP-5-2	报价信息	现券买卖对话报价	公有服务	单向：Out-Only	确定合并	/	核心交易体系	本币交易系统	本币交易直通式处理系统（本币CSTP）
发送现券对话报价	RMBTS-RMBSCM-3-1	报价信息	现券买卖对话报价请求--结算代理模块	私有服务	双向：Out-In	本币与本币结算代理模块交互的请求服务与响应服务合并	/	核心交易体系	本币交易系统	结算代理模块
接收现券对话报价响应	RMBTS-RMBSCM-3-2	报价信息	现券买卖对话报价响应--结算代理模块	私有服务	单向：Out-Only	本币与本币结算代理模块交互的请求服务与响应服务合并	/	核心交易体系	结算代理模块	本币交易系统
现券买卖市场-关联机构点击成交报价	RMBTS-CSTP-18-5	报价信息	现券买卖关联机构点击成交报价	公有服务	单向：Out-Only	确定合并	/	核心交易体系	本币交易系统	本币交易直通式处理系统（本币CSTP）
资产支持证券市场-关联机构点击成交报价	RMBTS-CSTP-19-3	报价信息	现券买卖关联机构点击成交报价	公有服务	单向：Out-Only	确定合并	/	核心交易体系	本币交易系统	本币交易直通式处理系统（本币CSTP）
现券买卖市场-关联机构对话报价	RMBTS-CSTP-18-4	报价信息	现券买卖关联机构对话报价	公有服务	单向：Out-Only	确定合并	/	核心交易体系	本币交易系统	本币交易直通式处理系统（本币CSTP）
资产支持证券市场-关联机构对话报价	RMBTS-CSTP-19-2	报价信息	现券买卖关联机构对话报价	公有服务	单向：Out-Only	确定合并	/	核心交易体系	本币交易系统	本币交易直通式处理系统（本币CSTP）
现券买卖市场-关联机构RFQ报价请求	RMBTS-CSTP-18-2	报价信息	现券买卖关联机构请求报价请求	私有服务	单向：Out-Only	/	/	核心交易体系	本币交易系统	本币交易直通式处理系统（本币CSTP）
现券买卖市场-关联机构RFQ报价请求回复	RMBTS-CSTP-18-3	报价信息	现券买卖关联机构请求报价响应	私有服务	双向：In-Out	/	/	核心交易体系	本币交易直通式处理系统（本币CSTP）	本币交易系统
资产支持证券市场-关联机构双向报价	RMBTS-CSTP-19-5	报价信息	现券买卖关联机构双向报价	公有服务	单向：Out-Only	/	/	核心交易体系	本币交易系统	本币交易直通式处理系统（本币CSTP）
现券买卖市场-关联机构限价报价	RMBTS-CSTP-18-7	报价信息	现券买卖关联机构限价报价	公有服务	单向：Out-Only	确定合并	/	核心交易体系	本币交易系统	本币交易直通式处理系统（本币CSTP）
资产支持证券市场-关联机构限价报价	RMBTS-CSTP-19-6	报价信息	现券买卖关联机构限价报价	公有服务	单向：Out-Only	确定合并	/	核心交易体系	本币交易系统	本币交易直通式处理系统（本币CSTP）
现券买卖市场-关联机构意向报价	RMBTS-CSTP-18-1	报价信息	现券买卖关联机构意向报价	公有服务	单向：Out-Only	确定合并	/	核心交易体系	本币交易系统	本币交易直通式处理系统（本币CSTP）
资产支持证券市场-关联机构意向报价	RMBTS-CSTP-19-1	报价信息	现券买卖关联机构意向报价	公有服务	单向：Out-Only	确定合并	/	核心交易体系	本币交易系统	本币交易直通式处理系统（本币CSTP）
现券买卖市场-关联机构做市报价	RMBTS-CSTP-18-6	报价信息	现券买卖关联机构做市报价	公有服务	单向：Out-Only	确定合并	/	核心交易体系	本币交易系统	本币交易直通式处理系统（本币CSTP）
资产支持证券市场-关联机构做市报价	RMBTS-CSTP-19-4	报价信息	现券买卖关联机构做市报价	公有服务	单向：Out-Only	确定合并	/	核心交易体系	本币交易系统	本币交易直通式处理系统（本币CSTP）
现券买卖市场-本方RFQ报价请求	RMBTS-CSTP-4-2	报价信息	现券买卖请求报价请求	私有服务	双向：Out-In	/	/	核心交易体系	本币交易系统	本币交易直通式处理系统（本币CSTP）
现券买卖市场-本方RFQ报价回复	RMBTS-CSTP-4-3	报价信息	现券买卖请求报价响应	私有服务	单向：Out-Only	/	/	核心交易体系	本币交易直通式处理系统（本币CSTP）	本币交易系统
资产支持类证券市场-双向报价	RMBTS-CMDS-5-3	报价信息	现券买卖双向报价	公有服务	单向：Out-Only	/	/	核心交易体系	本币交易系统	市场数据发布系统
现券买卖市场-限价报价	RMBTS-CMDS-4-4	报价信息	现券买卖限价报价	公有服务	单向：Out-Only	确定合并	/	核心交易体系	本币交易系统	市场数据发布系统
资产支持类证券市场-限价报价	RMBTS-CMDS-5-5	报价信息	现券买卖限价报价	公有服务	单向：Out-Only	确定合并	/	核心交易体系	本币交易系统	市场数据发布系统
发送现券限价报价	RMBTS-RMBSCM-5-1	报价信息	现券买卖限价报价请求--结算代理模块	私有服务	双向：Out-In	本币与本币结算代理模块交互的请求服务与响应服务合并	/	核心交易体系	本币交易系统	结算代理模块
现券买卖市场-意向报价	RMBTS-CMDS-4-1	报价信息	现券买卖意向报价	公有服务	单向：Out-Only	确定合并	/	核心交易体系	本币交易系统	市场数据发布系统
资产支持类证券市场-意向报价	RMBTS-CMDS-5-1	报价信息	现券买卖意向报价	公有服务	单向：Out-Only	确定合并	/	核心交易体系	本币交易系统	市场数据发布系统
发送现券意向报价	RMBTS-RMBSCM-2-1	报价信息	现券买卖意向报价请求--结算代理模块	私有服务	双向：Out-In	本币与本币结算代理模块交互的请求服务与响应服务合并	/	核心交易体系	本币交易系统	结算代理模块
接收现券意向报价响应	RMBTS-RMBSCM-2-2	报价信息	现券买卖意向报价响应--结算代理模块	私有服务	单向：Out-Only	本币与本币结算代理模块交互的请求服务与响应服务合并	/	核心交易体系	结算代理模块	本币交易系统
信用拆借市场-本方对话报价	RMBTS-CSTP-1-2	报价信息	信用拆借对话报价	公有服务	单向：Out-Only	/	/	核心交易体系	本币交易系统	本币交易直通式处理系统（本币CSTP）
信用拆借市场-关联机构对话报价	RMBTS-CSTP-15-2	报价信息	信用拆借关联机构对话报价	公有服务	单向：Out-Only	/	/	核心交易体系	本币交易系统	本币交易直通式处理系统（本币CSTP）
信用拆借市场-关联机构双向报价	RMBTS-CSTP-15-3	报价信息	信用拆借关联机构双向报价	公有服务	单向：Out-Only	/	/	核心交易体系	本币交易系统	本币交易直通式处理系统（本币CSTP）
信用拆借市场-关联机构意向报价	RMBTS-CSTP-15-1	报价信息	信用拆借关联机构意向报价	公有服务	单向：Out-Only	/	/	核心交易体系	本币交易系统	本币交易直通式处理系统（本币CSTP）
信用拆借市场-双向报价	RMBTS-CMDS-1-2	报价信息	信用拆借双向报价	公有服务	单向：Out-Only	/	/	核心交易体系	本币交易系统	市场数据发布系统
信用拆借市场-意向报价	RMBTS-CMDS-1-1	报价信息	信用拆借意向报价	公有服务	单向：Out-Only	/	/	核心交易体系	本币交易系统	市场数据发布系统
信用缓释凭证市场-关联机构对话报价	RMBTS-CSTP-24-2	报价信息	信用缓释凭证关联机构对话报价	公有服务	单向：Out-Only	/	/	核心交易体系	本币交易系统	本币交易直通式处理系统（本币CSTP）
信用缓释凭证市场-关联机构意向报价	RMBTS-CSTP-24-1	报价信息	信用缓释凭证关联机构意向报价	公有服务	单向：Out-Only	/	/	核心交易体系	本币交易系统	本币交易直通式处理系统（本币CSTP）
信用缓释凭证市场-本方对话报价	RMBTS-CSTP-10-2	报价信息	信用缓释凭证市场对话报价	公有服务	单向：Out-Only	/	/	核心交易体系	本币交易系统	本币交易直通式处理系统（本币CSTP）
信用缓释凭证市场-本方意向报价	RMBTS-CSTP-10-1	报价信息	信用缓释凭证市场意向报价	公有服务	单向：Out-Only	/	/	核心交易体系	本币交易系统	本币交易直通式处理系统（本币CSTP）
预发行市场-点击成交报价	RMBTS-CMDS-11-1	报价信息	预发行市场点击成交报价	公有服务	单向：Out-Only	/	/	核心交易体系	本币交易系统	市场数据发布系统
预发行市场-本方对话报价	RMBTS-CSTP-11-4	报价信息	预发行市场对话报价	公有服务	单向：Out-Only	/	/	核心交易体系	本币交易系统	本币交易直通式处理系统（本币CSTP）
预发行市场-关联机构点击成交报价	RMBTS-CSTP-25-5	报价信息	预发行市场关联机构点击成交报价	公有服务	单向：Out-Only	/	/	核心交易体系	本币交易系统	本币交易直通式处理系统（本币CSTP）
预发行市场-关联机构对话报价	RMBTS-CSTP-25-4	报价信息	预发行市场关联机构对话报价	公有服务	单向：Out-Only	/	/	核心交易体系	本币交易系统	本币交易直通式处理系统（本币CSTP）
预发行市场-RFQ报价请求（关联机构）	RMBTS-CSTP-25-2	报价信息	预发行市场关联机构请求报价请求	私有服务	单向：Out-Only	/	/	核心交易体系	本币交易系统	本币交易直通式处理系统（本币CSTP）
预发行市场-RFQ报价 （关联机构）	RMBTS-CSTP-25-3	报价信息	预发行市场关联机构请求报价响应	私有服务	双向：In-Out	/	/	核心交易体系	本币交易直通式处理系统（本币CSTP）	本币交易系统
预发行市场-关联机构限价报价	RMBTS-CSTP-25-6	报价信息	预发行市场关联机构限价报价	公有服务	单向：Out-Only	/	/	核心交易体系	本币交易系统	本币交易直通式处理系统（本币CSTP）
预发行市场-关联机构意向报价	RMBTS-CSTP-25-1	报价信息	预发行市场关联机构意向报价	公有服务	单向：Out-Only	/	/	核心交易体系	本币交易系统	本币交易直通式处理系统（本币CSTP）
预发行市场-RFQ报价请求	RMBTS-CSTP-11-2	报价信息	预发行市场请求报价请求	私有服务	单向：Out-Only	/	/	核心交易体系	本币交易系统	本币交易直通式处理系统（本币CSTP）
预发行市场-RFQ报价 	RMBTS-CSTP-11-3	报价信息	预发行市场请求报价响应	私有服务	双向：In-Out	/	/	核心交易体系	本币交易直通式处理系统（本币CSTP）	本币交易系统
预发行市场-本方限价报价	RMBTS-CSTP-11-6	报价信息	预发行市场限价报价	公有服务	单向：Out-Only	/	/	核心交易体系	本币交易系统	本币交易直通式处理系统（本币CSTP）
预发行市场-本方意向报价	RMBTS-CSTP-11-1	报价信息	预发行市场意向报价	公有服务	单向：Out-Only	/	/	核心交易体系	本币交易系统	本币交易直通式处理系统（本币CSTP）
远期利率协议市场-一次点击成交确认报价	RMBTS-CMDS-9-2	报价信息	远期利率协议点击成交报价	公有服务	单向：Out-Only	/	/	核心交易体系	本币交易系统	市场数据发布系统
远期利率协议市场-本方对话报价	RMBTS-CSTP-9-2	报价信息	远期利率协议对话报价	公有服务	单向：Out-Only	/	/	核心交易体系	本币交易系统	本币交易直通式处理系统（本币CSTP）
远期利率协议市场-关联机构点击成交报价	RMBTS-CSTP-23-3	报价信息	远期利率协议关联机构点击成交报价	公有服务	单向：Out-Only	/	/	核心交易体系	本币交易系统	本币交易直通式处理系统（本币CSTP）
远期利率协议市场-关联机构对话报价	RMBTS-CSTP-23-2	报价信息	远期利率协议关联机构对话报价	公有服务	单向：Out-Only	/	/	核心交易体系	本币交易系统	本币交易直通式处理系统（本币CSTP）
远期利率协议市场-关联机构双向报价	RMBTS-CSTP-23-4	报价信息	远期利率协议关联机构双向报价	公有服务	单向：Out-Only	/	/	核心交易体系	本币交易系统	本币交易直通式处理系统（本币CSTP）
远期利率协议市场-关联机构意向报价	RMBTS-CSTP-23-1	报价信息	远期利率协议关联机构意向报价	公有服务	单向：Out-Only	/	/	核心交易体系	本币交易系统	本币交易直通式处理系统（本币CSTP）
远期利率协议市场-双向报价	RMBTS-CMDS-9-3	报价信息	远期利率协议双向报价	公有服务	单向：Out-Only	/	/	核心交易体系	本币交易系统	市场数据发布系统
远期利率协议市场-意向报价	RMBTS-CMDS-9-1	报价信息	远期利率协议意向报价	公有服务	单向：Out-Only	/	/	核心交易体系	本币交易系统	市场数据发布系统
债券借贷市场-本方对话报价	RMBTS-CSTP-8-2	报价信息	债券借贷对话报价	公有服务	单向：Out-Only	/	/	核心交易体系	本币交易系统	本币交易直通式处理系统（本币CSTP）
债券借贷市场-关联机构对话报价	RMBTS-CSTP-22-2	报价信息	债券借贷关联机构对话报价	公有服务	单向：Out-Only	/	/	核心交易体系	本币交易系统	本币交易直通式处理系统（本币CSTP）
债券借贷市场-关联机构意向报价	RMBTS-CSTP-22-1	报价信息	债券借贷关联机构意向报价	公有服务	单向：Out-Only	/	/	核心交易体系	本币交易系统	本币交易直通式处理系统（本币CSTP）
债券借贷市场-意向报价	RMBTS-CMDS-8-1	报价信息	债券借贷意向报价	公有服务	单向：Out-Only	/	/	核心交易体系	本币交易系统	市场数据发布系统
债券远期市场-本方对话报价	RMBTS-CSTP-6-2	报价信息	债券远期对话报价	公有服务	单向：Out-Only	/	/	核心交易体系	本币交易系统	本币交易直通式处理系统（本币CSTP）
债券远期市场-关联机构对话报价	RMBTS-CSTP-20-2	报价信息	债券远期关联机构对话报价	公有服务	单向：Out-Only	/	/	核心交易体系	本币交易系统	本币交易直通式处理系统（本币CSTP）
债券远期市场-关联机构意向报价	RMBTS-CSTP-20-1	报价信息	债券远期关联机构意向报价	公有服务	单向：Out-Only	/	/	核心交易体系	本币交易系统	本币交易直通式处理系统（本币CSTP）
债券远期市场-意向报价	RMBTS-CMDS-6-1	报价信息	债券远期意向报价	公有服务	单向：Out-Only	/	/	核心交易体系	本币交易系统	市场数据发布系统
质押式回购市场-本方对话报价	RMBTS-CSTP-2-2	报价信息	质押式回购对话报价	公有服务	单向：Out-Only	/	/	核心交易体系	本币交易系统	本币交易直通式处理系统（本币CSTP）
发送质押式回购对话报价	RMBTS-RMBSCM-7-1	报价信息	质押式回购对话报价请求--结算代理模块	私有服务	双向：Out-In	本币与本币结算代理模块交互的请求服务与响应服务合并	/	核心交易体系	本币交易系统	结算代理模块
接收质押式回购对话报价响应	RMBTS-RMBSCM-7-2	报价信息	质押式回购对话报价响应--结算代理模块	私有服务	单向：Out-Only	本币与本币结算代理模块交互的请求服务与响应服务合并	/	核心交易体系	结算代理模块	本币交易系统
质押式回购市场-关联机构对话报价	RMBTS-CSTP-16-2	报价信息	质押式回购关联机构对话报价	公有服务	单向：Out-Only	/	/	核心交易体系	本币交易系统	本币交易直通式处理系统（本币CSTP）
质押式回购市场-关联机构双向报价	RMBTS-CSTP-16-3	报价信息	质押式回购关联机构双向报价	公有服务	单向：Out-Only	/	/	核心交易体系	本币交易系统	本币交易直通式处理系统（本币CSTP）
质押式回购市场-关联机构意向报价	RMBTS-CSTP-16-1	报价信息	质押式回购关联机构意向报价	公有服务	单向：Out-Only	/	/	核心交易体系	本币交易系统	本币交易直通式处理系统（本币CSTP）
质押式回购市场-双向报价	RMBTS-CMDS-2-2	报价信息	质押式回购双向报价	公有服务	单向：Out-Only	/	/	核心交易体系	本币交易系统	市场数据发布系统
发送质押式回购双向报价	RMBTS-RMBSCM-8-1	报价信息	质押式回购双向报价请求--结算代理模块	私有服务	双向：Out-In	本币与本币结算代理模块交互的请求服务与响应服务合并	/	核心交易体系	本币交易系统	结算代理模块
接收质押式回购双向报价响应	RMBTS-RMBSCM-8-2	报价信息	质押式回购双向报价响应--结算代理模块	私有服务	单向：Out-Only	本币与本币结算代理模块交互的请求服务与响应服务合并	/	核心交易体系	结算代理模块	本币交易系统
质押式回购市场-意向报价	RMBTS-CMDS-2-1	报价信息	质押式回购意向报价	公有服务	单向：Out-Only	/	/	核心交易体系	本币交易系统	市场数据发布系统
接收质押式回购意向报价响应	RMBTS-RMBSCM-6-2	报价信息	质押式回购意向报价响应--结算代理模块	私有服务	单向：Out-Only	本币与本币结算代理模块交互的请求服务与响应服务合并	/	核心交易体系	结算代理模块	本币交易系统
发送质押式回购意向报价	RMBTS-RMBSCM-6-1	报价信息	质押式回购意向报价请求--结算代理模块	私有服务	双向：Out-In	本币与本币结算代理模块交互的请求服务与响应服务合并	/	核心交易体系	本币交易系统	结算代理模块
超短期融资券发行反馈	SHCH-RMBTS-2-2	产品基础信息	清算所--交易工具发行反馈--超短期融资券	私有服务	单向：Out-Only	A12	/	核心交易体系	本币交易系统	上海清算所
定向工具发行反馈	SHCH-RMBTS-4-2	产品基础信息	清算所--交易工具发行反馈--定向工具	私有服务	单向：Out-Only	A12	/	核心交易体系	本币交易系统	上海清算所
短期融资券发行反馈	SHCH-RMBTS-3-2	产品基础信息	清算所--交易工具发行反馈--短期融资券	私有服务	单向：Out-Only	A12	/	核心交易体系	本币交易系统	上海清算所
同业存单发行反馈	SHCH-RMBTS-7-2	产品基础信息	清算所--交易工具发行反馈--同业存单	私有服务	单向：Out-Only	A10、A12	/	核心交易体系	本币交易系统	上海清算所
信用风险缓释凭证发行反馈	SHCH-RMBTS-1-2	产品基础信息	清算所--交易工具发行反馈--信用风险缓释凭证	私有服务	单向：Out-Only	A12	/	核心交易体系	本币交易系统	上海清算所
成交通知-CRS交易	FXTS-FXCSTP-1-2	交易通知数据	CRS交易成交通知	私有服务	双向：Out-In	/	/	交易后服务体系	外汇交易系统	外汇交易直通式处理系统（外汇CSTP）
ETF市场-成交	RMBTS-CMDS-10-6	成交信息	ETF基金买卖成交	公有服务	单向：Out-Only	/	/	核心交易体系	本币交易系统	市场数据发布系统
成交通知-IRS交易	FXTS-FXCSTP-1-1	交易通知数据	IRS交易成交通知	私有服务	双向：Out-In	/	/	交易后服务体系	外汇交易系统	外汇交易直通式处理系统（外汇CSTP）
成交结果（执行报告）	RMBTS-CFAT-4-2   	成交信息	本币成交结果--北金所执行报告	私有服务	单向：Out-Only	/	/	核心交易体系	本币交易系统	北金所
质押式回购有效成交记录数请求	BMS-RMBTS-1	成交信息	本币质押式回购成交信息查询请求--有效成交	私有服务	单向：Out-Only	/	/	核心交易体系	市场基准参考系统	本币交易系统
质押式回购有效成交记录数响应信息	RMBTS-BMS-4	成交信息	本币质押式回购成交信息查询响应--有效成交	私有服务	双向：In-Out	/	/	核心交易体系	本币交易系统	市场基准参考系统
接口组-成交明细（交易后）	XTRADE-PTPS-SIRS-11	成交信息	标准利率互换成交明细	公有服务	单向：Out-Only	Xtrade给交易后、本币CSTP系统的标准利率互换成交明细服务合并	/	核心交易体系	标准金融资产及衍生品交易系统	交易后处理系统
成交数据	XTRADE-RMBTS-IRS-11	成交信息	标准利率互换成交明细--本币	公有服务	单向：Out-Only	/	/	核心交易体系	标准金融资产及衍生品交易系统	本币交易系统
接口组-标准债券远期成交明细（RMBCSTP）	XTRADE-RMBCSTP-SBF-11	成交信息	标准债券远期成交明细	公有服务	单向：Out-Only	Xtrade给交易后、本币CSTP系统的标准利率互换成交明细服务合并	/	核心交易体系	标准金融资产及衍生品交易系统	本币交易直通式处理系统（本币CSTP）
本币交易系统发送给CDC的成交明细-国债做市支持系统现券买卖	RMBTS-CDC-1-8	成交信息	现券买卖成交--国债登	私有服务	双向：Out-In	/	/	核心交易体系	本币交易系统	中央国债登记结算公司
CDC发送给本币交易系统的成交反馈	RMBTS-CDC-1-R	成交信息	现券买卖成交反馈--国债登	私有服务	单向：Out-Only	/	/	核心交易体系	中央国债登记结算公司	本币交易系统
利率互换市场-（浮动）浮动成交	RMBTS-CMDS-7-8	成交信息	利率互换(浮动)浮动成交	公有服务	单向：Out-Only	本币发给本币检测、市场数据发布系统的利率互换基准互换服务合并	/	核心交易体系	本币交易系统	市场数据发布系统
利率互换基准成交数据	RMBTS-RMBMSS-16	成交信息	利率互换(浮动)浮动成交	公有服务	单向：Out-Only	本币发给本币检测、市场数据发布系统的利率互换基准互换服务合并	/	核心交易体系	本币交易系统	本币监测系统
利率互换市场-（固定）浮动成交	RMBTS-CMDS-7-7	成交信息	利率互换(固定)浮动成交	公有服务	单向：Out-Only	本币发给上清所、市场数据发布系统的利率互换固浮互换服务合并	/	核心交易体系	本币交易系统	市场数据发布系统
IRS净额清算-IRS成交业务要素	RMBTS-SHCH-16	成交信息	利率互换(固定)浮动成交	公有服务	单向：Out-Only	本币发给上清所、市场数据发布系统的利率互换固浮互换服务合并	/	核心交易体系	本币交易系统	上海清算所
利率互换市场-关联机构（浮动）浮动成交 	RMBTS-CSTP-21-10	成交信息	利率互换关联机构(浮动)浮动成交	公有服务	单向：Out-Only	/	/	核心交易体系	本币交易系统	本币交易直通式处理系统（本币CSTP）
利率互换市场-关联机构（固定）浮动成交 	RMBTS-CSTP-21-9	成交信息	利率互换关联机构(固定)浮动成交	公有服务	单向：Out-Only	/	/	核心交易体系	本币交易系统	本币交易直通式处理系统（本币CSTP）
利率互换期权市场-本方成交	RMBTS-CSTP-13-2	成交信息	利率互换期权成交	公有服务	单向：Out-Only	/	/	核心交易体系	本币交易系统	本币交易直通式处理系统（本币CSTP）
利率互换期权市场-关联机构成交	RMBTS-CSTP-27-2	成交信息	利率互换期权关联机构成交	公有服务	单向：Out-Only	/	/	核心交易体系	本币交易系统	本币交易直通式处理系统（本币CSTP）
利率上限/下限期权市场-本方成交	RMBTS-CSTP-14-2	成交信息	利率上限/下限期权成交	公有服务	单向：Out-Only	/	/	核心交易体系	本币交易系统	本币交易直通式处理系统（本币CSTP）
利率上限/下限期权市场-关联机构成交	RMBTS-CSTP-28-2	成交信息	利率上限/下限期权关联机构成交	公有服务	单向：Out-Only	/	/	核心交易体系	本币交易系统	市场数据发布系统
买断式回购市场-成交	RMBTS-CMDS-3-2	成交信息	买断式回购成交	公有服务	单向：Out-Only	/	/	核心交易体系	本币交易系统	市场数据发布系统
买断式回购市场-关联机构成交	RMBTS-CSTP-17-3	成交信息	买断式回购关联机构成交	公有服务	单向：Out-Only	/	/	核心交易体系	本币交易系统	本币交易直通式处理系统（本币CSTP）
超短期融资券成交-买断式回购成交	RMBTS-SHCH-4-1	成交信息	买断式回购成交--清算所超短期融资券	私有服务	双向：Out-In	本币与上清所的各交易产品的成交、成交反馈服务合并	/	核心交易体系	本币交易系统	上海清算所
清算所托管短期融资券成交-买断式回购成交	RMBTS-SHCH-9-1	成交信息	买断式回购成交--清算所短期融资券	私有服务	双向：Out-In	本币与上清所的各交易产品的成交、成交反馈服务合并	/	核心交易体系	本币交易系统	上海清算所
超短期融资券成交-买断式回购成交反馈	RMBTS-SHCH-4-2	成交信息	买断式回购成交反馈--清算所超短期融资券	私有服务	单向：Out-Only	本币与上清所的各交易产品的成交、成交反馈服务合并	/	核心交易体系	上海清算所	本币交易系统
清算所托管短期融资券成交-买断式回购成交反馈	RMBTS-SHCH-9-2	成交信息	买断式回购成交反馈--清算所短期融资券	私有服务	单向：Out-Only	本币与上清所的各交易产品的成交、成交反馈服务合并	/	核心交易体系	上海清算所	本币交易系统
同业存单成交	RMBTS-SHCH-15-1	成交信息	同业存单成交--清算所	私有服务	双向：Out-In	本币与上清所的各交易产品的成交、成交反馈服务合并	/	核心交易体系	本币交易系统	上海清算所
同业存单成交反馈	RMBTS-SHCH-15-2	成交信息	同业存单成交反馈--清算所	私有服务	单向：Out-Only	本币与上清所的各交易产品的成交、成交反馈服务合并	/	核心交易体系	上海清算所	本币交易系统
超短期融资券成交-现券成交	RMBTS-SHCH-2-1	成交信息	现券买卖成交--清算所超短期融资券	私有服务	双向：Out-In	本币与上清所的各交易产品的成交、成交反馈服务合并	/	核心交易体系	本币交易系统	上海清算所
定向工具成交-现券市场成交	RMBTS-SHCH-12-1	成交信息	现券买卖成交--清算所定向工具                                                                         	私有服务	双向：Out-In	/	/	核心交易体系	本币交易系统	上海清算所
清算所托管短期融资券成交-现券成交	RMBTS-SHCH-7-1	成交信息	现券买卖成交--清算所短期融资券	私有服务	双向：Out-In	本币与上清所的各交易产品的成交、成交反馈服务合并	/	核心交易体系	本币交易系统	上海清算所
超短期融资券成交-现券成交反馈	RMBTS-SHCH-2-2	成交信息	现券买卖成交反馈--清算所超短期融资券	私有服务	单向：Out-Only	本币与上清所的各交易产品的成交、成交反馈服务合并	/	核心交易体系	上海清算所	本币交易系统
定向工具成交-现券市场成交反馈	RMBTS-SHCH-12-2	成交信息	现券买卖成交反馈--清算所定向工具                                                                         	私有服务	单向：Out-Only	/	/	核心交易体系	上海清算所	本币交易系统
清算所托管短期融资券成交-现券成交反馈	RMBTS-SHCH-7-2	成交信息	现券买卖成交反馈--清算所短期融资券	私有服务	单向：Out-Only	本币与上清所的各交易产品的成交、成交反馈服务合并	/	核心交易体系	上海清算所	本币交易系统
信用风险缓释凭证成交	RMBTS-SHCH-1-1	成交信息	信用风险缓释凭证成交--清算所	私有服务	双向：Out-In	本币与上清所的各交易产品的成交、成交反馈服务合并	/	核心交易体系	本币交易系统	上海清算所
信用风险缓释凭证成交反馈	RMBTS-SHCH-1-2	成交信息	信用风险缓释凭证成交反馈--清算所	私有服务	单向：Out-Only	本币与上清所的各交易产品的成交、成交反馈服务合并	/	核心交易体系	上海清算所	本币交易系统
超短期融资券成交-债券借贷成交	RMBTS-SHCH-6-1	成交信息	债券借贷成交--清算所超短期融资券	私有服务	双向：Out-In	本币与上清所的各交易产品的成交、成交反馈服务合并	/	核心交易体系	本币交易系统	上海清算所
清算所托管短期融资券成交-债券借贷成交	RMBTS-SHCH-11-1	成交信息	债券借贷成交--清算所短期融资券	私有服务	双向：Out-In	本币与上清所的各交易产品的成交、成交反馈服务合并	/	核心交易体系	本币交易系统	上海清算所
超短期融资券成交-债券借贷成交反馈	RMBTS-SHCH-6-2	成交信息	债券借贷成交反馈--清算所超短期融资券	私有服务	单向：Out-Only	本币与上清所的各交易产品的成交、成交反馈服务合并	/	核心交易体系	上海清算所	本币交易系统
清算所托管短期融资券成交-债券借贷成交反馈	RMBTS-SHCH-11-2	成交信息	债券借贷成交反馈--清算所短期融资券	私有服务	单向：Out-Only	本币与上清所的各交易产品的成交、成交反馈服务合并	/	核心交易体系	上海清算所	本币交易系统
超短期融资券成交-债券远期成交	RMBTS-SHCH-5-1	成交信息	债券远期成交--清算所超短期融资券	私有服务	双向：Out-In	本币与上清所的各交易产品的成交、成交反馈服务合并	/	核心交易体系	本币交易系统	上海清算所
清算所托管短期融资券成交-债券远期成交	RMBTS-SHCH-10-1	成交信息	债券远期成交--清算所短期融资券	私有服务	双向：Out-In	本币与上清所的各交易产品的成交、成交反馈服务合并	/	核心交易体系	本币交易系统	上海清算所
超短期融资券成交-债券远期成交反馈	RMBTS-SHCH-5-2	成交信息	债券远期成交反馈--清算所超短期融资券	私有服务	单向：Out-Only	本币与上清所的各交易产品的成交、成交反馈服务合并	/	核心交易体系	上海清算所	本币交易系统
清算所托管短期融资券成交-债券远期成交反馈	RMBTS-SHCH-10-2	成交信息	债券远期成交反馈--清算所短期融资券	私有服务	单向：Out-Only	本币与上清所的各交易产品的成交、成交反馈服务合并	/	核心交易体系	上海清算所	本币交易系统
超短期融资券成交-质押式回购成交	RMBTS-SHCH-3-1	成交信息	质押式回购成交--清算所超短期融资券	私有服务	双向：Out-In	本币与上清所的各交易产品的成交、成交反馈服务合并	/	核心交易体系	本币交易系统	上海清算所
清算所托管短期融资券成交-质押式回购成交	RMBTS-SHCH-8-1	成交信息	质押式回购成交--清算所短期融资券	私有服务	双向：Out-In	本币与上清所的各交易产品的成交、成交反馈服务合并	/	核心交易体系	本币交易系统	上海清算所
超短期融资券成交-质押式回购成交反馈	RMBTS-SHCH-3-2	成交信息	质押式回购成交反馈--清算所超短期融资券	私有服务	单向：Out-Only	本币与上清所的各交易产品的成交、成交反馈服务合并	/	核心交易体系	上海清算所	本币交易系统
清算所托管短期融资券成交-质押式回购成交反馈	RMBTS-SHCH-8-2	成交信息	质押式回购成交反馈--清算所短期融资券	私有服务	单向：Out-Only	本币与上清所的各交易产品的成交、成交反馈服务合并	/	核心交易体系	上海清算所	本币交易系统
ABS成交-ABS质押式回购成交反馈	RMBTS-SHCH-14-2	成交信息	质押式回购成交反馈--清算所资产支持证券	私有服务	单向：Out-Only	本币与上清所的各交易产品的成交、成交反馈服务合并	/	核心交易体系	上海清算所	本币交易系统
ABS成交-ABS质押式回购成交	RMBTS-SHCH-14-1	成交信息	质押式回购成交--清算所资产支持证券	私有服务	双向：Out-In	本币与上清所的各交易产品的成交、成交反馈服务合并	/	核心交易体系	本币交易系统	上海清算所
ABS成交-ABS资产支持证券成交	RMBTS-SHCH-13-1	成交信息	现券买卖成交--资产支持证券	私有服务	双向：Out-In	本币与上清所的各交易产品的成交、成交反馈服务合并	/	核心交易体系	本币交易系统	上海清算所
ABS成交-ABS资产支持证券成交反馈	RMBTS-SHCH-13-2	成交信息	现券买卖成交反馈--资产支持证券成交	私有服务	单向：Out-Only	本币与上清所的各交易产品的成交、成交反馈服务合并	/	核心交易体系	上海清算所	本币交易系统
结售汇竞价	FXTS-SHCH-6	成交信息	人民币外汇市场成交	公有服务	单向：Out-Only	/	/	核心交易体系	外汇交易系统	上海清算所
成交通知-外币拆借交易	FXTS-FXCSTP-1-8	交易通知数据	外币拆借交易成交通知	私有服务	双向：Out-In	/	/	交易后服务体系	外汇交易系统	外汇交易直通式处理系统（外汇CSTP）
外币对竞价	FXTS-SHCH-7	成交信息	外币对市场成交	公有服务	单向：Out-Only	/	/	核心交易体系	外汇交易系统	上海清算所
CSWAP成交明细	CSWAP-FXTS-5	成交信息	外汇掉期成交--CSWAP	公有服务	单向：Out-Only	/	/	核心交易体系	标准化外汇产品交易系统	外汇交易系统
按日期查询-查询请求	FXTS-PTPS-4-1	成交信息	外汇成交信息查询请求--按日期	私有服务	单向：Out-Only	/	/	核心交易体系	交易后处理系统	外汇交易系统
按日期查询-查询请求	FXTS-FXCSTP-2-1	成交信息	外汇成交信息查询请求--按日期	私有服务	单向：Out-Only	/	/	核心交易体系	外汇交易直通式处理系统（外汇CSTP）	外汇交易系统
按成交编号查询-查询请求	FXTS-FXCSTP-3-1	成交信息	外汇成交信息查询请求--单笔成交	私有服务	单向：Out-Only	/	/	核心交易体系	外汇交易直通式处理系统（外汇CSTP）	外汇交易系统
单笔成交查询-查询请求	FXTS-PTPS-3-1	成交信息	外汇成交信息查询请求--单笔成交	私有服务	单向：Out-Only	/	/	核心交易体系	交易后处理系统	外汇交易系统
有效成交查询-查询请求	FXTS-PTPS-2-1	成交信息	外汇成交信息查询请求--有效成交	私有服务	单向：Out-Only	/	/	核心交易体系	交易后处理系统	外汇交易系统
按日期查询-查询请求反馈	FXTS-PTPS-4-2	成交信息	外汇成交信息查询响应--按日期	私有服务	双向：In-Out	/	/	核心交易体系	外汇交易系统	交易后处理系统
按成交编号查询-查询请求返回	FXTS-FXCSTP-3-2	成交信息	外汇成交信息查询响应--单笔成交	私有服务	双向：In-Out	/	/	核心交易体系	外汇交易系统	外汇交易直通式处理系统（外汇CSTP）
单笔成交查询-查询请求返回	FXTS-PTPS-3-2	成交信息	外汇成交信息查询响应--单笔成交	私有服务	双向：In-Out	/	/	核心交易体系	外汇交易系统	交易后处理系统
有效成交查询-查询请求返回	FXTS-PTPS-2-2	成交信息	外汇成交信息查询响应--有效成交	私有服务	双向：In-Out	/	/	核心交易体系	外汇交易系统	交易后处理系统
成交数据-掉期	FXTS-PTPS-1-2	成交信息	外汇掉期成交	私有服务	双向：Out-In	外汇发送给交易后、上海清算所的掉期期成交服务合并	/	核心交易体系	外汇交易系统	交易后处理系统
日终批量发送完成交易确认的成交数据-掉期净额交易数据	FXTS-SHCH-1-2	成交信息	外汇掉期成交	公有服务	单向：Out-Only	外汇发给上清所、基准系统的外汇掉期成交服务合并	/	核心交易体系	外汇交易系统	上海清算所
外汇掉期成交	FXTS-BMS-2	成交信息	外汇掉期成交	公有服务	单向：Out-Only	外汇发给上清所、基准系统的外汇掉期成交服务合并	/	核心交易体系	外汇交易系统	市场基准参考系统
黄金询价掉期交易	FXTS-SGE-3	成交信息	外汇掉期成交--黄金询价交易	公有服务	单向：Out-Only	/	/	核心交易体系	外汇交易系统	上海黄金交易所
成交通知-掉期交易	FXTS-FXCSTP-1-6	交易通知数据	外汇掉期交易成交通知	私有服务	双向：Out-In	/	/	交易后服务体系	外汇交易系统	外汇交易直通式处理系统（外汇CSTP）
返回成交数据-货币互换市场	FXTS-CMDS-1-7	成交信息	外汇货币掉期成交	公有服务	单向：Out-Only	/	/	核心交易体系	外汇交易系统	市场数据发布系统
返回成交数据-利率互换市场	FXTS-CMDS-1-6	成交信息	外汇货币掉期成交--利率互换	公有服务	单向：Out-Only	/	/	核心交易体系	外汇交易系统	市场数据发布系统
日终批量发送完成交易确认的成交数据-即期/远期净额交易数据	FXTS-SHCH-1-1	成交信息	外汇即期/远期成交	公有服务	单向：Out-Only	外汇发送给交易后、上海清算所的即期/远期成交服务合并	/	核心交易体系	外汇交易系统	上海清算所
成交数据-即期/远期	FXTS-PTPS-1-1	成交信息	外汇即期/远期成交	私有服务	双向：Out-In	外汇发送给交易后的即期成交、远期成交服务合并	/	核心交易体系	外汇交易系统	交易后处理系统
返回成交数据-即期市场	FXTS-CMDS-1-2	成交信息	外汇即期成交	公有服务	单向：Out-Only	/	/	核心交易体系	外汇交易系统	市场数据发布系统
黄金询价即期交易	FXTS-SGE-1	成交信息	外汇即期成交--黄金询价交易	公有服务	单向：Out-Only	/	/	核心交易体系	外汇交易系统	上海黄金交易所
成交通知-即期交易	FXTS-FXCSTP-1-3	交易通知数据	外汇即期交易成交通知	私有服务	双向：Out-In	/	/	交易后服务体系	外汇交易系统	外汇交易直通式处理系统（外汇CSTP）
成交数据-外汇期权	FXTS-PTPS-1-3	成交信息	外汇期权成交	私有服务	双向：Out-In	/	/	核心交易体系	外汇交易系统	交易后处理系统
成交通知-期权交易	FXTS-FXCSTP-1-7	交易通知数据	外汇期权交易成交通知	私有服务	双向：Out-In	/	/	交易后服务体系	外汇交易系统	外汇交易直通式处理系统（外汇CSTP）
成交数据-即期/远期	FXTS-PTPS-1-1	成交信息	外汇即期/远期成交	私有服务	双向：Out-In	/	/	核心交易体系	外汇交易系统	交易后处理系统
外汇远期成交-成交数据	FXTS-BMS-1-2	成交信息	外汇远期成交	公有服务	单向：Out-Only	/	/	核心交易体系	外汇交易系统	市场基准参考系统
返回成交数据-NDF市场	FXTS-CMDS-1-5	成交信息	外汇远期成交--NDF	公有服务	单向：Out-Only	/	/	核心交易体系	外汇交易系统	市场数据发布系统
黄金询价远期交易	FXTS-SGE-2	成交信息	外汇远期成交--黄金询价交易	公有服务	单向：Out-Only	/	/	核心交易体系	外汇交易系统	上海黄金交易所
成交通知-远期交易	FXTS-FXCSTP-1-4	交易通知数据	外汇远期交易成交通知	私有服务	双向：Out-In	/	/	交易后服务体系	外汇交易系统	外汇交易直通式处理系统（外汇CSTP）
成交通知-轧差清算远期交易	FXTS-FXCSTP-1-5	交易通知数据	外汇轧差清算远期成交通知	私有服务	双向：Out-In	/	/	交易后服务体系	外汇交易系统	外汇交易直通式处理系统（外汇CSTP）
现券买卖市场-成交	RMBTS-CMDS-4-5	成交信息	现券买卖成交	公有服务	单向：Out-Only	确定合并	/	核心交易体系	本币交易系统	市场数据发布系统
资产支持类证券市场-成交	RMBTS-CMDS-5-6	成交信息	现券买卖成交	公有服务	单向：Out-Only	确定合并	/	核心交易体系	本币交易系统	市场数据发布系统
现券买卖市场-关联机构成交	RMBTS-CSTP-18-8	成交信息	现券买卖关联机构成交	公有服务	单向：Out-Only	确定合并	/	核心交易体系	本币交易系统	本币交易直通式处理系统（本币CSTP）
资产支持证券市场-关联机构成交	RMBTS-CSTP-19-7	成交信息	现券买卖市场关联机构成交	公有服务	单向：Out-Only	确定合并	/	核心交易体系	本币交易系统	本币交易直通式处理系统（本币CSTP）
信用拆借市场-成交	RMBTS-CMDS-1-3	成交信息	信用拆借成交	公有服务	单向：Out-Only	/	/	核心交易体系	本币交易系统	市场数据发布系统
信用拆借市场-关联机构成交	RMBTS-CSTP-15-4	成交信息	信用拆借关联机构成交	公有服务	单向：Out-Only	/	/	核心交易体系	本币交易系统	本币交易直通式处理系统（本币CSTP）
信用缓释凭证市场-关联机构成交	RMBTS-CSTP-24-3	成交信息	信用缓释凭证关联机构成交	公有服务	单向：Out-Only	/	/	核心交易体系	本币交易系统	本币交易直通式处理系统（本币CSTP）
信用缓释凭证市场-本方成交	RMBTS-CSTP-10-3	成交信息	信用缓释凭证成交	公有服务	单向：Out-Only	/	/	核心交易体系	本币交易系统	本币交易直通式处理系统（本币CSTP）
预发行市场-成交	RMBTS-CMDS-11-2	成交信息	预发行市场成交	公有服务	单向：Out-Only	/	/	核心交易体系	本币交易系统	市场数据发布系统
预发行市场-关联机构成交	RMBTS-CSTP-25-7	成交信息	预发行市场关联机构成交	公有服务	单向：Out-Only	/	/	核心交易体系	本币交易系统	本币交易直通式处理系统（本币CSTP）
远期利率协议市场-成交	RMBTS-CMDS-9-4	成交信息	远期利率协议成交	公有服务	单向：Out-Only	/	/	核心交易体系	本币交易系统	市场数据发布系统
远期利率协议市场-关联机构成交	RMBTS-CSTP-23-5	成交信息	远期利率协议关联机构成交	公有服务	单向：Out-Only	/	/	核心交易体系	本币交易系统	本币交易直通式处理系统（本币CSTP）
债券借贷市场-成交业务	RMBTS-CMDS-8-2	成交信息	债券借贷成交	公有服务	单向：Out-Only	/	/	核心交易体系	本币交易系统	市场数据发布系统
债券借贷市场-关联机构成交	RMBTS-CSTP-22-3	成交信息	债券借贷关联机构成交	公有服务	单向：Out-Only	/	/	核心交易体系	本币交易系统	本币交易直通式处理系统（本币CSTP）
债券远期市场-成交	RMBTS-CMDS-6-2	成交信息	债券远期成交	公有服务	单向：Out-Only	/	/	核心交易体系	本币交易系统	市场数据发布系统
债券远期市场-关联机构成交	RMBTS-CSTP-20-3	成交信息	债券远期关联机构成交	公有服务	单向：Out-Only	/	/	核心交易体系	本币交易系统	本币交易直通式处理系统（本币CSTP）
质押式回购市场-成交	RMBTS-CMDS-2-3	成交信息	质押式回购成交	公有服务	单向：Out-Only	/	/	核心交易体系	本币交易系统	市场数据发布系统
接口组-质押匿名点击成交请求交互（本币）	XTRADE-RMBTS-Repo-1	成交信息	质押匿名点击成交--本币	私有服务	双向：Out-In	/	/	核心交易体系	标准金融资产及衍生品交易系统	本币交易系统
质押匿名点击成交明细发往监测系统	XTRADE-RMBMSS-Repo-4-2	成交信息	质押匿名点击成交	公有服务	单向：Out-Only	/	/	核心交易体系	标准金融资产及衍生品交易系统	本币监测系统
接口组-质押匿名点击成交请求交互（本币）-反馈	XTRADE-RMBTS-Repo-1-R	成交信息	质押匿名点击成交反馈--本币	私有服务	单向：Out-Only	/	/	核心交易体系	本币交易系统	标准金融资产及衍生品交易系统
质押匿名点击撮合成交明细发往监测系统	XTRADE-RMBMSS-Repo-4-1	成交信息	质押匿名点击成交--撮合成交	公有服务	单向：Out-Only	/	/	核心交易体系	标准金融资产及衍生品交易系统	本币监测系统
质押式回购市场-关联机构成交	RMBTS-CSTP-16-4	成交信息	质押式回购关联机构成交	公有服务	单向：Out-Only	/	/	核心交易体系	本币交易系统	本币交易直通式处理系统（本币CSTP）
ETF市场-订单排列	RMBTS-CMDS-10-4	订单信息	ETF基金买卖订单排列	公有服务	单向：Out-Only	/	/	核心交易体系	本币交易系统	市场数据发布系统
ETF市场-价格排列	RMBTS-CMDS-10-5	订单信息	ETF基金买卖价格排列	公有服务	单向：Out-Only	/	/	核心交易体系	本币交易系统	市场数据发布系统
ETF市场-竞价订单	RMBTS-CMDS-10-2	订单信息	ETF基金买卖竞价订单	公有服务	单向：Out-Only	/	/	核心交易体系	本币交易系统	市场数据发布系统
ETF市场-实时订单	RMBTS-CMDS-10-3	订单信息	ETF基金买卖实时订单	公有服务	单向：Out-Only	/	/	核心交易体系	本币交易系统	市场数据发布系统
承诺指令（订单）	RMBTS-CFAT-4-1	成交信息	本币成交意向--北金所承诺指令	私有服务	单向：Out-Only	/	/	核心交易体系	北金所	本币交易系统
接收现券限价报价响应	RMBTS-RMBSCM-5-2	报价信息	现券买卖限价报价响应--结算代理模块	私有服务	单向：Out-Only	本币与本币结算代理模块交互的请求服务与响应服务合并	/	核心交易体系	结算代理模块	本币交易系统
接口组-质押匿名点击报价明细发往监测系统	XTRADE-RMBMSS-Repo-5	订单信息	质押匿名点击订单	公有服务	单向：Out-Only	/	/	核心交易体系	标准金融资产及衍生品交易系统	本币监测系统
买断式回购事前控制反馈	RMBTS-CDC-2-R	额度信息	本币买断式回购事前控制反馈--国债登	私有服务	双向：In-Out	将国债登发送给本币的买断式回购、债券远期事前控制反馈服务合并	/	核心交易体系	中央国债登记结算公司	本币交易系统
债券远期事前控制反馈	RMBTS-CDC-3-R	额度信息	本币债券远期事前控制反馈--国债登	私有服务	双向：In-Out	将国债登发送给本币的买断式回购、债券远期事前控制反馈服务合并	/	核心交易体系	中央国债登记结算公司	本币交易系统
买断式回购事前控制请求	RMBTS-CDC-2	额度信息	本币买断式回购事前控制请求--国债登	私有服务	单向：Out-Only	将本币发送给国债登的买断式回购、债券远期事前控制请求服务合并	/	核心交易体系	本币交易系统	中央国债登记结算公司
债券远期事前控制请求	RMBTS-CDC-3	额度信息	本币债券远期事前控制请求--国债登	私有服务	单向：Out-Only	将本币发送给国债登的买断式回购、债券远期事前控制请求服务合并	/	核心交易体系	本币交易系统	中央国债登记结算公司
CRS事前控制请求反馈	FXTS-ICBCRS-5-2	额度信息	外汇货币掉期事前控制反馈--货币互换--工行	私有服务	双向：In-Out	将工行发送给外汇交易系统的多交易产品的事前控制反馈服务合并	/	核心交易体系	工行事前控制系统	外汇交易系统
FORWARD事前控制请求反馈 	FXTS-ICBCRS-2-2	额度信息	外汇远期事前控制反馈--工行	私有服务	双向：In-Out	将工行发送给外汇交易系统的多交易产品的事前控制反馈服务合并	/	核心交易体系	工行事前控制系统	外汇交易系统
NDF事前控制请求反馈  	FXTS-ICBCRS-3-2	额度信息	外汇远期事前控制反馈--NDF--工行	私有服务	双向：In-Out	将工行发送给外汇交易系统的多交易产品的事前控制反馈服务合并	/	核心交易体系	工行事前控制系统	外汇交易系统
SPOT事前控制请求反馈	FXTS-ICBCRS-1-2	额度信息	外汇即期事前控制反馈--工行	私有服务	双向：In-Out	将工行发送给外汇交易系统的多交易产品的事前控制反馈服务合并	/	核心交易体系	工行事前控制系统	外汇交易系统
SWAP事前控制请求反馈	FXTS-ICBCRS-4-2	额度信息	外汇掉期事前控制反馈--工行	私有服务	双向：In-Out	将工行发送给外汇交易系统的多交易产品的事前控制反馈服务合并	/	核心交易体系	工行事前控制系统	外汇交易系统
CRS事前控制请求	FXTS-ICBCRS-5-1	额度信息	外汇货币掉期事前控制请求--货币互换--工行	私有服务	双向：Out-In	将外汇交易系统发送给工行的多交易产品的事前控制请求服务合并	/	核心交易体系	外汇交易系统	工行事前控制系统
FORWARD事前控制请求 	FXTS-ICBCRS-2-1	额度信息	外汇远期事前控制请求--工行	私有服务	双向：Out-In	将外汇交易系统发送给工行的多交易产品的事前控制请求服务合并	/	核心交易体系	外汇交易系统	工行事前控制系统
NDF事前控制请求  	FXTS-ICBCRS-3-1	额度信息	外汇远期事前控制请求--NDF--工行	私有服务	双向：Out-In	将外汇交易系统发送给工行的多交易产品的事前控制请求服务合并	/	核心交易体系	外汇交易系统	工行事前控制系统
SPOT事前控制请求	FXTS-ICBCRS-1-1	额度信息	外汇即期事前控制请求--工行	私有服务	双向：Out-In	将外汇交易系统发送给工行的多交易产品的事前控制请求服务合并	/	核心交易体系	外汇交易系统	工行事前控制系统
SWAP事前控制请求	FXTS-ICBCRS-4-1	额度信息	外汇掉期事前控制请求--工行	私有服务	双向：Out-In	将外汇交易系统发送给工行的多交易产品的事前控制请求服务合并	/	核心交易体系	外汇交易系统	工行事前控制系统
交易未完成或撤销事前控制	FXTS-ICBCRS-6	额度信息	外汇交易未完成或撤销事前控制请求--工行	私有服务	单向：Out-Only	将外汇交易系统发送给工行的多交易产品的交易未完成或撤销事前控制请求服务合并在各交易产品的前控制请求服务	建议修订为私有服务	核心交易体系	外汇交易系统	工行事前控制系统
ETF买卖-基金行情	RMBTS-CMDS-21	基础行情数据	ETF基金买卖成交行情	公有服务	单向：Out-Only	/	/	核心交易体系	本币交易系统	市场数据发布系统
标准利率互换集中清算业务-到期交割价	RMBTS-SHCH-43-1	基础行情数据	本币标准产品到期结算价（到期交割价）	私有服务	双向：Out-In	A8、A10、A12	/	核心交易体系	本币交易系统	上海清算所
标准债券远期集中净额清算业务-到期交割价	RMBTS-SHCH-34-1	基础行情数据	本币标准产品到期结算价（到期交割价）	私有服务	双向：Out-In	A8、A10、A12	/	核心交易体系	本币交易系统	上海清算所
标准利率互换到期结算利率收到反馈	PTPS-SHCH-2-R	基础行情数据	本币标准产品到期结算价反馈（到期交割价）	私有服务	单向：Out-Only	A8、A10、A12	/	核心交易体系	上海清算所	交易后处理系统
标准利率互换集中清算业务-到期交割价收到反馈	RMBTS-SHCH-43-2	基础行情数据	本币标准产品到期结算价反馈（到期交割价）	私有服务	单向：Out-Only	A8、A10、A12	/	核心交易体系	上海清算所	本币交易系统
标准债券远期到期结算价收到反馈	PTPS-SHCH-1-R	基础行情数据	本币标准产品到期结算价反馈（到期交割价）	私有服务	单向：Out-Only	A8、A10、A12	/	核心交易体系	上海清算所	交易后处理系统
标准债券远期集中净额清算业务-到期交割价收到反馈	RMBTS-SHCH-34-2	基础行情数据	本币标准产品到期结算价反馈（到期交割价）	私有服务	单向：Out-Only	A8、A10、A12	/	核心交易体系	上海清算所	本币交易系统
清算所-每日结算价格	XTRADE-SHCH-SIRS-9	基础行情数据	本币标准产品每日结算价格	私有服务	双向：Out-In	A10、A12	/	核心交易体系	标准金融资产及衍生品交易系统	上海清算所
标准利率互换集中清算业务-每日结算价格	RMBTS-SHCH-42-1	基础行情数据	本币标准产品每日结算价格	私有服务	双向：Out-In	A8、A10、A12	/	核心交易体系	本币交易系统	上海清算所
标准债券远期集中净额清算业务-每日结算价格	RMBTS-SHCH-33-1	基础行情数据	本币标准产品每日结算价格	私有服务	双向：Out-In	A8、A10、A12	/	核心交易体系	本币交易系统	上海清算所
清算所-每日结算价格-反馈	XTRADE-SHCH-SIRS-9-R	基础行情数据	本币标准产品每日结算价格反馈	私有服务	单向：Out-Only	A10、A12	/	核心交易体系	上海清算所	标准金融资产及衍生品交易系统
标准利率互换集中清算业务-每日结算价收到反馈	RMBTS-SHCH-42-2	基础行情数据	本币标准产品每日结算价格反馈	私有服务	单向：Out-Only	A8、A10、A12	/	核心交易体系	上海清算所	本币交易系统
标准债券远期集中净额清算业务-每日结算价收到反馈	RMBTS-SHCH-33-2	基础行情数据	本币标准产品每日结算价格反馈	私有服务	单向：Out-Only	A8、A10、A12	/	核心交易体系	上海清算所	本币交易系统
行情数据/每日结算利率（CMDS）-标准利率互换成交行情数据	XTRADE-CMDS-SIRS-12-1	基础行情数据	标准利率互换成交行情	公有服务	单向：Out-Only	A16	/	核心交易体系	标准金融资产及衍生品交易系统	市场数据发布系统
成交行情数据	XTRADE-RMBTS-IRS-12	基础行情数据	标准利率互换成交行情	公有服务	单向：Out-Only	A16	/	核心交易体系	标准金融资产及衍生品交易系统	本币交易系统
行情数据/每日结算利率（CMDS）-标准利率互换档位行情	XTRADE-CMDS-SIRS-12-2	基础行情数据	标准利率互换档位行情	公有服务	单向：Out-Only	/	/	核心交易体系	标准金融资产及衍生品交易系统	市场数据发布系统
行情数据/每日结算利率（CMDS）-标准利率互换每日结算价	XTRADE-CMDS-SIRS-12-4	基础行情数据	标准利率互换每日结算价格	公有服务	单向：Out-Only	/	/	核心交易体系	标准金融资产及衍生品交易系统	市场数据发布系统
盘中参考价数据	XTRADE-RMBTS-IRS-14	基础行情数据	标准利率互换盘中参考价	公有服务	单向：Out-Only	/	/	核心交易体系	标准金融资产及衍生品交易系统	本币交易系统
行情数据/每日结算利率（CMDS）-标准利率互换最优报价行情	XTRADE-CMDS-SIRS-12-3	基础行情数据	标准利率互换最优报价行情	公有服务	单向：Out-Only	A16	/	核心交易体系	标准金融资产及衍生品交易系统	市场数据发布系统
最优报价数据	XTRADE-RMBTS-IRS-13	基础行情数据	标准利率互换最优报价行情	公有服务	单向：Out-Only	A16	/	核心交易体系	标准金融资产及衍生品交易系统	本币交易系统
行情数据/每日结算价（CMDS）	XTRADE-CMDS-SBF-13	基础行情数据	标准债券远期成交行情	公有服务	单向：Out-Only	/	/	核心交易体系	标准金融资产及衍生品交易系统	市场数据发布系统
	XTRADE-CMDS-SBF-13	基础行情数据	标准债券远期档位行情	公有服务	单向：Out-Only	/	/	核心交易体系	标准金融资产及衍生品交易系统	市场数据发布系统
	XTRADE-CMDS-SBF-13	基础行情数据	标准债券远期每日结算价格	公有服务	单向：Out-Only	/	/	核心交易体系	标准金融资产及衍生品交易系统	市场数据发布系统
	XTRADE-CMDS-SBF-13	基础行情数据	标准债券远期最优报价行情	公有服务	单向：Out-Only	/	/	核心交易体系	标准金融资产及衍生品交易系统	市场数据发布系统
CDC发送给本币交易系统的现券买卖流通量	CDC-RMBTS-1	基础行情数据	国债登--现券买卖流通量	公有服务	单向：Out-Only	/	/	核心交易体系	中央国债登记结算公司	本币交易系统
外汇掉期最优报价	ICAP-FXTS-1	基础行情数据	货币经纪--外汇掉期最优报价行情	公有服务	单向：Out-Only	A16	/	核心交易体系	国际货币经纪公司ICAP	外汇交易系统
电子白板－外汇掉期最优报价	ICAP-BMS-1	基础行情数据	货币经纪--外汇掉期最优报价行情	公有服务	单向：Out-Only	A16	/	核心交易体系	国际货币经纪公司ICAP	市场基准参考系统
外汇货币掉期最优报价	ICAP-FXTS-3	基础行情数据	货币经纪--外汇货币掉期最优报价行情	公有服务	单向：Out-Only	A16	/	核心交易体系	国际货币经纪公司ICAP	外汇交易系统
Excel报价－货币掉期最优报价	ICAP-BMS-6	基础行情数据	货币经纪--外汇货币掉期最优报价行情	公有服务	单向：Out-Only	A16	/	核心交易体系	国际货币经纪公司ICAP	市场基准参考系统
电子白板－外汇期权最优报价	ICAP-BMS-3	基础行情数据	货币经纪--外汇期权最优报价行情	公有服务	单向：Out-Only	A16	/	核心交易体系	国际货币经纪公司ICAP	市场基准参考系统
外汇远期最优报价	ICAP-FXTS-2	基础行情数据	货币经纪--外汇远期最优报价行情	公有服务	单向：Out-Only	A16	/	核心交易体系	国际货币经纪公司ICAP	外汇交易系统
电子白板－外汇远期最优报价	ICAP-BMS-2	基础行情数据	货币经纪--外汇远期最优报价行情	公有服务	单向：Out-Only	A16	/	核心交易体系	国际货币经纪公司ICAP	市场基准参考系统
利率互换市场-(浮动)浮动成交行情	RMBTS-CMDS-19-2	基础行情数据	利率互换(浮动)浮动成交行情	公有服务	单向：Out-Only	/	/	核心交易体系	本币交易系统	市场数据发布系统
利率互换市场-(浮动)浮动双边报价行情	RMBTS-CMDS-19-4	基础行情数据	利率互换(浮动)浮动双边报价行情	公有服务	单向：Out-Only	/	/	核心交易体系	本币交易系统	市场数据发布系统
利率互换市场-(固定)浮动成交行情	RMBTS-CMDS-19-1	基础行情数据	利率互换(固定)浮动成交行情	公有服务	单向：Out-Only	/	/	核心交易体系	本币交易系统	市场数据发布系统
利率互换市场-(固定)浮动双边报价行情	RMBTS-CMDS-19-3	基础行情数据	利率互换(固定)浮动双边报价行情	公有服务	单向：Out-Only	/	/	核心交易体系	本币交易系统	市场数据发布系统
买断式回购-买断式回购利率行情	RMBTS-CMDS-14-1	基础行情数据	买断式回购成交行情	公有服务	单向：Out-Only	/	/	核心交易体系	本币交易系统	市场数据发布系统
买断式回购-到期净价行情	RMBTS-CMDS-14-3	基础行情数据	买断式回购到期净价行情	公有服务	单向：Out-Only	/	/	核心交易体系	本币交易系统	市场数据发布系统
买断式回购-首次净价行情	RMBTS-CMDS-14-2	基础行情数据	买断式回购首次净价行情	公有服务	单向：Out-Only	/	/	核心交易体系	本币交易系统	市场数据发布系统
返回行情数据-成交行情（含即/远/NDF）	FXTS-CMDS-2-3	基础行情数据	人民币外汇成交行情	公有服务	单向：Out-Only	A16	/	核心交易体系	外汇交易系统	市场数据发布系统
市场行情	FXTS-CHINAMONEY-3	基础行情数据	人民币外汇成交行情	公有服务	单向：Out-Only	A16	/	核心交易体系	外汇交易系统	中国货币网
返回行情数据-最优报价（含即/远/NDF）	FXTS-CMDS-2-4	基础行情数据	人民币外汇单向最优报价行情	公有服务	单向：Out-Only	/	/	核心交易体系	外汇交易系统	市场数据发布系统
 最优报价	FXTS-CHINAMONEY-2	基础行情数据	人民币外汇双向最优报价行情	公有服务	单向：Out-Only	/	/	核心交易体系	外汇交易系统	中国货币网
档位行情	CSWAP-FXTS-2	基础行情数据	外汇档位行情--Cswap掉期	公有服务	单向：Out-Only	/	/	核心交易体系	标准化外汇产品交易系统	外汇交易系统
CSWAP最优报价行情	CSWAP-FXTS-6	基础行情数据	外汇最优报价行情--Cswap掉期	公有服务	单向：Out-Only	/	/	核心交易体系	标准化外汇产品交易系统	外汇交易系统
现券买卖市场行情	RMBTS-CMDS-15	基础行情数据	现券买卖成交行情	公有服务	单向：Out-Only	A14	/	核心交易体系	本币交易系统	市场数据发布系统
资产支持证券市场行情	RMBTS-CMDS-16	基础行情数据	现券买卖成交行情	公有服务	单向：Out-Only	A14	/	核心交易体系	本币交易系统	市场数据发布系统
信用拆借-信用拆借市场行情	RMBTS-CMDS-12-1	基础行情数据	信用拆借成交行情	公有服务	单向：Out-Only	/	/	核心交易体系	本币交易系统	市场数据发布系统
信用拆借-存款类机构信用拆借市场行情	RMBTS-CMDS-12-2	基础行情数据	信用拆借成交行情-存款类机构信用拆借市场行情	公有服务	单向：Out-Only	/	/	核心交易体系	本币交易系统	市场数据发布系统
信用拆借-国际金融资产交易行情数据	RMBTS-CMDS-12-3	基础行情数据	信用拆借成交行情-国际金融资产交易行情	公有服务	单向：Out-Only	/	/	核心交易体系	本币交易系统	市场数据发布系统
预发行-点击成交行情	RMBTS-CMDS-22-2	基础行情数据	预发行-点击成交行情	公有服务	单向：Out-Only	/	/	核心交易体系	本币交易系统	市场数据发布系统
预发行-汇总行情	RMBTS-CMDS-22-3	基础行情数据	预发行市场行情	公有服务	单向：Out-Only	/	/	核心交易体系	本币交易系统	市场数据发布系统
预发行-RFQ行情	RMBTS-CMDS-22-1	基础行情数据	预发行市场请求报价行情	公有服务	单向：Out-Only	/	/	核心交易体系	本币交易系统	市场数据发布系统
远期利率协议-成交行情	RMBTS-CMDS-20-1	基础行情数据	远期利率协议成交行情	公有服务	单向：Out-Only	/	/	核心交易体系	本币交易系统	市场数据发布系统
远期利率协议-双向报价行情	RMBTS-CMDS-20-2	基础行情数据	远期利率协议双边报价行情	公有服务	单向：Out-Only	/	/	核心交易体系	本币交易系统	市场数据发布系统
债券借贷-标的债券借贷费率行情	RMBTS-CMDS-18-1	基础行情数据	债券借贷-标的债券借贷费率行情	公有服务	单向：Out-Only	/	/	核心交易体系	本币交易系统	市场数据发布系统
债券借贷-交易品种费率行情	RMBTS-CMDS-18-2	基础行情数据	债券借贷-交易品种费率行情	公有服务	单向：Out-Only	/	/	核心交易体系	本币交易系统	市场数据发布系统
债券远期市场行情	RMBTS-CMDS-17	基础行情数据	债券远期成交行情	公有服务	单向：Out-Only	/	/	核心交易体系	本币交易系统	市场数据发布系统
质押式回购-质押式回购市场行情	RMBTS-CMDS-13-1	基础行情数据	质押式回购成交行情	公有服务	单向：Out-Only	A16	/	核心交易体系	本币交易系统	市场数据发布系统
质押匿名点击成交行情发往CMDS	XTRADE-CMDS-Repo-8-1	基础行情数据	质押匿名点击成交行情	公有服务	单向：Out-Only	/	/	核心交易体系	标准金融资产及衍生品交易系统	市场数据发布系统
质押式回购-存款类机构质押式回购市场行情	RMBTS-CMDS-13-2	基础行情数据	质押式回购-存款类机构质押式回购市场行情	公有服务	单向：Out-Only	/	/	核心交易体系	本币交易系统	市场数据发布系统
质押匿名点击档位行情发往CMDS	XTRADE-CMDS-Repo-8-2	基础行情数据	质押匿名点击档位行情	公有服务	单向：Out-Only	/	/	核心交易体系	标准金融资产及衍生品交易系统	市场数据发布系统
质押式回购-质押式回购汇总成交行情	RMBTS-CMDS-13-3	基础行情数据	质押式回购-质押式回购汇总成交行情	公有服务	单向：Out-Only	/	/	核心交易体系	本币交易系统	市场数据发布系统
质押匿名点击最优报价行情发往CMDS	XTRADE-CMDS-Repo-8-3	基础行情数据	质押匿名点击最优报价行情	公有服务	单向：Out-Only	/	/	核心交易体系	标准金融资产及衍生品交易系统	市场数据发布系统
做市券种最优双边报价数据	RMBTS-RMBMSS-9	基础行情数据	做市券种最优双边报价行情	公有服务	单向：Out-Only	A16	/	核心交易体系	本币交易系统	本币监测系统
收益率曲线－基准券定盘曲线最优报价	BMS-CMDS-18	基准曲线	基准券定盘曲线最优报价行情	公有服务	单向：Out-Only	/	/	核心交易体系	市场基准参考系统	市场数据发布系统
收益率曲线－基准券实时报价	BMS-CMDS-11	基准曲线	基准券实时最优报价	公有服务	单向：Out-Only	/	/	核心交易体系	市场基准参考系统	市场数据发布系统
收益率曲线－做市券种最优双边报价	BMS-CMDS-15	基准曲线	做市券种最优双边报价行情	公有服务	单向：Out-Only	A16	/	核心交易体系	市场基准参考系统	市场数据发布系统
保证金数据	SHCH-FXTS-1	保证金数据	清算所--外汇会员保证金数据	私有服务	单向：Out-Only	/	/	交易后服务体系	上海清算所	外汇交易系统
起息日信息	SHCH-FXTS-7	产品基础信息	清算所--NDF远期起息日	公有服务	单向：Out-Only	/	/	交易后服务体系	上海清算所	外汇交易系统
ABS变动	SHCH-RMBTS-6	产品基础信息	清算所--债券付息信息--资产支持证券付息	公有服务	单向：Out-Only	/	/	交易后服务体系	上海清算所	本币交易系统
备案	RMBTS-PTPS-8	成交备案信息	本币成交备案	公有服务	单向：Out-Only	A16	/	交易后服务体系	本币交易系统	交易后处理系统
备案成交信息	CTRS-RMBMSS-1	成交备案信息	本币成交备案	公有服务	单向：Out-Only	A16	/	交易后服务体系	中心交易信息备案系统	本币监测系统
交易后处理平台确认	PTPS-RMBTS-4	成交确认数据	本币成交确认状态	公有服务	单向：Out-Only	A16	/	交易后服务体系	交易后处理系统	本币交易系统
确认状态变化消息	PTPS-RMBTS-5	成交确认数据	本币成交确认状态	公有服务	单向：Out-Only	A16	/	交易后服务体系	交易后处理系统	本币交易系统
利率互换期权市场交易确认状态更新	PTPS-RMBTS-6	成交确认数据	利率互换期权成交确认	公有服务	单向：Out-Only	/	/	交易后服务体系	交易后处理系统	本币交易系统
本币产品发行确权-同业存单发行确权	RMBTS-SHCH-24-1	成交确认数据	清算所--交易工具发行确权	私有服务	双向：Out-In	A10、A12	/	交易后服务体系	本币交易系统	上海清算所
同业存单发行确权（发行确权）	ICDIS-SHCH-1	成交确认数据	清算所--交易工具发行确权	私有服务	双向：Out-In	A10、A12	/	交易后服务体系	货币及债务工具发行系统（原名：同业存单发行系统）	上海清算所
本币产品发行确权-同业存单发行确权反馈	RMBTS-SHCH-24-2	成交确认数据	清算所--交易工具发行确权反馈	私有服务	单向：Out-Only	A10、A12	/	交易后服务体系	上海清算所	本币交易系统
同业存单发行确权反馈	ICDIS-SHCH-1-R	成交确认数据	清算所--交易工具发行确权反馈	私有服务	单向：Out-Only	A10、A12	/	交易后服务体系	上海清算所	货币及债务工具发行系统（原名：同业存单发行系统）
成交确认	FXTS-PTPS-1-R	成交信息	外汇成交反馈	私有服务	单向：Out-Only	/	/	核心交易体系	交易后处理系统	外汇交易系统
冲销冻结	PTPS-RMBTS-1	交易冲销数据	冲销冻结	公有服务	单向：Out-Only	/	/	交易后服务体系	交易后处理系统	本币交易系统
多边冲销解冻	PTPS-RMBTS-3	交易冲销数据	冲销解冻	公有服务	单向：Out-Only	/	/	交易后服务体系	交易后处理系统	本币交易系统
多边冲销计算结果数据	PTPS-RMBTS-2	交易冲销数据	多边冲销计算结果数据	私有服务	单向：Out-Only	/	/	交易后服务体系	交易后处理系统	本币交易系统
双边冲销	RMBTS-PTPS-1	交易冲销数据	双边冲销	公有服务	单向：Out-Only	/	/	交易后服务体系	本币交易系统	交易后处理系统
双边冲销撤销	RMBTS-PTPS-2	交易冲销数据	双边冲销撤销	私有服务	双向：Out-In	A12	/	交易后服务体系	本币交易系统	交易后处理系统
双边冲销撤销反馈	RMBTS-PTPS-2-R	交易冲销数据	双边冲销撤销反馈	私有服务	单向：Out-Only	A12	/	交易后服务体系	交易后处理系统	本币交易系统
标准债券远期集中净额清算业务-会员交易强行平仓撤销请求	RMBTS-SHCH-28-1	交易平仓数据	清算所--本币标准产品交易平仓撤销请求	私有服务	单向：Out-Only	A8、A10、A12	/	交易后服务体系	本币交易系统	上海清算所
清算所-会员交易强行平仓撤销	SHCH-XTRADE-SIRS-4	交易平仓数据	清算所--本币标准产品交易平仓撤销请求	私有服务	双向：Out-In	A10、A12	/	交易后服务体系	上海清算所	标准金融资产及衍生品交易系统
标准利率互换集中清算业务-会员交易强行平仓撤销请求	RMBTS-SHCH-38-1	交易平仓数据	清算所--本币标准产品交易平仓撤销请求	私有服务	单向：Out-Only	A8、A10、A12	/	交易后服务体系	本币交易系统	上海清算所
清算所-会员交易强行平仓撤销-反馈	SHCH-XTRADE-SIRS-4-R	交易平仓数据	清算所--本币标准产品交易平仓撤销请求反馈	私有服务	单向：Out-Only	A10、A12	/	交易后服务体系	标准金融资产及衍生品交易系统	上海清算所
标准利率互换集中清算业务-会员交易强行平仓撤销反馈	RMBTS-SHCH-38-2	交易平仓数据	清算所--本币标准产品交易平仓撤销请求反馈	私有服务	双向：In-Out	A8、A10、A12	/	交易后服务体系	上海清算所	本币交易系统
标准债券远期集中净额清算业务-会员交易强行平仓撤销反馈	RMBTS-SHCH-28-2	交易平仓数据	清算所--本币标准产品交易平仓撤销请求反馈	私有服务	双向：In-Out	A8、A10、A12	/	交易后服务体系	上海清算所	本币交易系统
标准债券远期集中净额清算业务-会员强行平仓指令请求	RMBTS-SHCH-27-1	交易平仓数据	清算所--本币标准产品交易平仓请求	私有服务	单向：Out-Only	A8、A10、A12	/	交易后服务体系	本币交易系统	上海清算所
清算所-会员强行平仓指令	SHCH-XTRADE-SIRS-3	交易平仓数据	清算所--本币标准产品交易平仓请求	私有服务	双向：Out-In	A10、A12	/	交易后服务体系	上海清算所	标准金融资产及衍生品交易系统
标准利率互换集中清算业务-会员强行平仓指令请求	RMBTS-SHCH-37-1	交易平仓数据	清算所--本币标准产品交易平仓请求	私有服务	单向：Out-Only	A8、A10、A12	/	交易后服务体系	本币交易系统	上海清算所
清算所-会员强行平仓指令-反馈	SHCH-XTRADE-SIRS-3-R	交易平仓数据	清算所--本币标准产品交易平仓请求反馈	私有服务	单向：Out-Only	A10、A12	/	交易后服务体系	标准金融资产及衍生品交易系统	上海清算所
标准利率互换集中清算业务-会员强行平仓指令反馈	RMBTS-SHCH-37-2	交易平仓数据	清算所--本币标准产品交易平仓请求反馈	私有服务	双向：In-Out	A8、A10、A12	/	交易后服务体系	上海清算所	本币交易系统
标准债券远期集中净额清算业务-会员强行平仓指令反馈	RMBTS-SHCH-27-2	交易平仓数据	清算所--本币标准产品交易平仓请求反馈	私有服务	双向：In-Out	A8、A10、A12	/	交易后服务体系	上海清算所	本币交易系统
清算所-交易数据	XTRADE-SHCH-SIRS-1	交易平仓数据	清算所--本币标准产品交易平仓数据	私有服务	双向：Out-In	A10、A12	/	交易后服务体系	标准金融资产及衍生品交易系统	上海清算所
标准利率互换集中清算业务-标准利率互换成交数据	RMBTS-SHCH-35-1	交易平仓数据	清算所--本币标准产品交易平仓数据	私有服务	双向：Out-In	A8、A10、A12	/	交易后服务体系	本币交易系统	上海清算所
标准债券远期集中净额清算业务-标准债券远期成交	RMBTS-SHCH-25-1	交易平仓数据	清算所--本币标准产品交易平仓数据	私有服务	双向：Out-In	A8、A10、A12	/	交易后服务体系	本币交易系统	上海清算所
标准利率互换集中清算业务-标准利率互换成交反馈	RMBTS-SHCH-35-2	交易平仓数据	清算所--本币标准产品交易平仓数据反馈	私有服务	单向：Out-Only	A8、A10、A12	/	交易后服务体系	上海清算所	本币交易系统
标准债券远期集中净额清算业务-标准债券远期成交反馈	RMBTS-SHCH-25-2	交易平仓数据	清算所--本币标准产品交易平仓数据反馈	私有服务	单向：Out-Only	A8、A10、A12	/	交易后服务体系	上海清算所	本币交易系统
清算所-交易数据-反馈	XTRADE-SHCH-SIRS-1-R	交易平仓数据	清算所--本币标准产品交易平仓数据反馈	私有服务	单向：Out-Only	A10、A12	/	交易后服务体系	上海清算所	标准金融资产及衍生品交易系统
质押式回购押券替换请求（关联机构）	RMBTS-CSTP-26-1	交易替换数据	质押式回购关联机构押券替换请求	私有服务	单向：Out-Only	A12	/	交易后服务体系	本币交易系统	本币交易直通式处理系统（本币CSTP）
质押式回购押券替换请求	RMBTS-CSTP-12-1	交易替换数据	质押式回购押券替换请求	私有服务	单向：Out-Only	A12	/	交易后服务体系	本币交易系统	本币交易直通式处理系统（本币CSTP）
IRS净额清算-提前终止	RMBTS-SHCH-19-1	交易中止数据	本币利率互换提前中止请求	私有服务	双向：Out-In	A12	/	交易后服务体系	本币交易系统	上海清算所
IRS净额清算-提前终止日终反馈	RMBTS-SHCH-19-2	交易中止数据	本币利率互换提前终止响应（终止承接结果）	私有服务	单向：Out-Only	A12	/	交易后服务体系	上海清算所	本币交易系统
提前终止撤销	RMBTS-PTPS-5	交易中止数据	本币提前中止撤销	私有服务	双向：Out-In	A12	/	交易后服务体系	本币交易系统	交易后处理系统
提前终止	RMBTS-PTPS-4	交易中止数据	本币提前中止请求	私有服务	单向：Out-Only	A10	/	交易后服务体系	本币交易系统	交易后处理系统
提前终止申请	PTPS-IHUb-SHCH-2	交易中止数据	本币提前中止请求	私有服务	双向：Out-In	A10、A12	/	交易后服务体系	交易后处理系统	上海清算所
提前终止撤销反馈	RMBTS-PTPS-5-R	交易中止数据	本币提前终止撤销反馈	私有服务	单向：Out-Only	A12	/	交易后服务体系	交易后处理系统	本币交易系统
清算承接结果（提前终止）	SHCH-Ihub-PTPS-2	交易中止数据	本币提前终止响应（退出承接结果）	私有服务	单向：Out-Only	A12	/	交易后服务体系	上海清算所	交易后处理系统
债券交易净额清算-净额清算承接结果反馈	SHCH-RMBTS-11-1	交易中止数据	债券交易清算承接结果	私有服务	单向：Out-Only	/	/	交易后服务体系	上海清算所	本币交易系统
结算失败成交	RMBTS-DPS-4	交易状态通知数据	本币结算失败成交	公有服务	单向：Out-Only	/	/	交易后服务体系	本币交易系统	数据处理系统
利率互换期权市场行权状态更新	RMBTS-PTPS-14	交易状态通知数据	利率互换期权行权状态更新	公有服务	单向：Out-Only	/	/	交易后服务体系	本币交易系统	交易后处理系统
标准债券远期集中净额清算业务-会员限额调整请求	RMBTS-SHCH-26-1	清算额度	清算所--本币标准产品会员限额调整请求	私有服务	单向：Out-Only	A8、A10、A12	/	交易后服务体系	本币交易系统	上海清算所
清算所-会员限额调整	SHCH-XTRADE-SIRS-2	清算额度	清算所--本币标准产品会员限额调整请求	私有服务	双向：Out-In	A10、A12	/	交易后服务体系	上海清算所	标准金融资产及衍生品交易系统
标准利率互换集中清算业务-会员限额调整请求	RMBTS-SHCH-36-1	清算额度	清算所--本币标准产品会员限额调整请求	私有服务	单向：Out-Only	A8、A10、A12	/	交易后服务体系	本币交易系统	上海清算所
清算所-会员限额调整-反馈	SHCH-XTRADE-SIRS-2-R	清算额度	清算所--本币标准产品会员限额调整响应	私有服务	单向：Out-Only	A10、A12	/	交易后服务体系	标准金融资产及衍生品交易系统	上海清算所
标准利率互换集中清算业务-会员限额调整响应	RMBTS-SHCH-36-2	清算额度	清算所--本币标准产品会员限额调整响应	私有服务	双向：In-Out	A8、A10、A12	/	交易后服务体系	上海清算所	本币交易系统
标准债券远期集中净额清算业务-会员限额调整响应	RMBTS-SHCH-26-2	清算额度	清算所--本币标准产品会员限额调整响应	私有服务	双向：In-Out	A8、A10、A12	/	交易后服务体系	上海清算所	本币交易系统
清算所-下一日会员持仓限额和头寸	SHCH-XTRADE-SIRS-6	清算额度	清算所--本币标准产品下一日会员持仓限额和头寸请求	私有服务	双向：Out-In	A10、A12	/	交易后服务体系	上海清算所	标准金融资产及衍生品交易系统
标准利率互换集中清算业务-下一日会员持仓限额和头寸全量数据	SHCH-RMBTS-15-1	清算额度	清算所--本币标准产品下一日会员持仓限额和头寸请求	私有服务	双向：Out-In	A8、A10、A12	/	交易后服务体系	上海清算所	本币交易系统
标准债券远期集中净额清算业务-下一日会员持仓限额和头寸全量数据	SHCH-RMBTS-13-1	清算额度	清算所--本币标准产品下一日会员持仓限额和头寸请求	私有服务	双向：Out-In	A8、A10、A12	/	交易后服务体系	上海清算所	本币交易系统
清算所-下一日会员持仓限额和头寸-反馈	SHCH-XTRADE-SIRS-6-R	清算额度	清算所--本币标准产品下一日会员持仓限额和头寸响应	私有服务	单向：Out-Only	A10、A12	/	交易后服务体系	标准金融资产及衍生品交易系统	上海清算所
标准利率互换集中清算业务-下一日会员持仓限额和头寸全量数据反馈	SHCH-RMBTS-15-2	清算额度	清算所--本币标准产品下一日会员持仓限额和头寸响应	私有服务	单向：Out-Only	A8、A10、A12	/	交易后服务体系	本币交易系统	上海清算所
标准债券远期集中净额清算业务-下一日会员持仓限额和头寸全量数据反馈	SHCH-RMBTS-13-2	清算额度	清算所--本币标准产品下一日会员持仓限额和头寸响应	私有服务	单向：Out-Only	A8、A10、A12	/	交易后服务体系	本币交易系统	上海清算所
托管余额传输-托管余额传输(超短期融资券/信用风险缓释凭证/定向工具/短期融资券/ABS/同业存单)	SHCH-RMBTS-8-2	清算额度	清算所--托管余额传输(超短期融资券/信用风险缓释凭证/定向工具/短期融资券/ABS/同业存单)	私有服务	双向：Out-In	A12	/	交易后服务体系	上海清算所	本币交易系统
托管余额传输-报文传输反馈	SHCH-RMBTS-8-3	清算额度	清算所--托管余额传输-报文传输反馈	私有服务	单向：Out-Only	A12	/	交易后服务体系	本币交易系统	上海清算所
托管余额传输-托管余额发送预通知	SHCH-RMBTS-8-1	技术信息	清算所--托管余额传输-托管余额发送预通知	公有服务	单向：Out-Only	/	/	各体系共通	上海清算所	本币交易系统
IRS净额清算-利率互换（IRS）清算退出日终反馈	RMBTS-SHCH-18-2	清算进入退出记录	本币利率互换清算退出反馈（退出承接结果）	私有服务	单向：Out-Only	A12	/	交易后服务体系	上海清算所	本币交易系统
IRS净额清算-利率互换（IRS）清算退出	RMBTS-SHCH-18-1	清算进入退出记录	本币利率互换清算退出请求	私有服务	双向：Out-In	A10，A12	/	交易后服务体系	本币交易系统	上海清算所
单笔IRS交易申请清算退出	RMBTS-PTPS-3	清算进入退出记录	本币利率互换清算退出请求	私有服务	单向：Out-Only	A10	/	交易后服务体系	本币交易系统	交易后处理系统
清算进入	RMBTS-PTPS-7	清算进入退出记录	本币清算进入	私有服务	单向：Out-Only	/	/	交易后服务体系	本币交易系统	交易后处理系统
清算承接结果（清算退出）	SHCH-Ihub-PTPS-1	清算进入退出记录	本币清算退出反馈（终止承接结果）	私有服务	单向：Out-Only	A12	/	交易后服务体系	上海清算所	交易后处理系统
清算退出（多边冲销引起）	PTPS-IHUb-SHCH-3	清算进入退出记录	本币清算退出请求	私有服务	双向：Out-In	A12	/	交易后服务体系	交易后处理系统	上海清算所
IRS净额清算交易	PTPS-IHUb-SHCH-1	清算数据	本币利率互换清算	私有服务	单向：Out-Only	/	/	交易后服务体系	交易后处理系统	上海清算所
IRS净额清算-清算承接审核结果反馈	RMBTS-SHCH-20	清算数据	本币利率互换清算承接审核结果	私有服务	单向：Out-Only	/	/	交易后服务体系	上海清算所	本币交易系统
IRS净额清算-交易中心实时反馈	RMBTS-SHCH-23	清算数据	本币利率互换清算承接实时审核结果	私有服务	单向：Out-Only	/	/	交易后服务体系	本币交易系统	上海清算所
清算承接结果（审核结果）	SHCH-Ihub-PTPS-3	清算数据	本币清算承接审核结果	私有服务	单向：Out-Only	/	/	交易后服务体系	上海清算所	交易后处理系统
交易中心实时反馈	SHCH-Ihub-PTPS-7	清算数据	本币清算承接实时审核结果	私有服务	单向：Out-Only	/	/	交易后服务体系	上海清算所	交易后处理系统
清算数据	SHCH-FXTS-8	清算数据	清算所--外汇竞价会员清算数据	公有服务	单向：Out-Only	/	/	交易后服务体系	上海清算所	外汇交易系统
会员头寸信息（未清算数据）	SHCH-FXTS-9	清算数据	清算所--外汇竞价会员头寸（未清算）数据	公有服务	单向：Out-Only	/	/	交易后服务体系	上海清算所	外汇交易系统
未纳入净额清算	SHCH-FXTS-4	清算数据	清算所--外汇未纳入净额清算交易数据	公有服务	单向：Out-Only	/	/	交易后服务体系	上海清算所	外汇交易系统
结算代理模块向本币发送现券市场的计算请求	RMBTS-RMBSCM-1-1	清算数据	现券市场计算请求--结算代理模块	私有服务	单向：Out-Only	本币与本币结算代理模块交互的请求服务与响应服务合并	/	交易后服务体系	结算代理模块	本币交易系统
本币向结算代理模块发送计算请求响应	RMBTS-RMBSCM-1-2	清算数据	现券市场计算响应--结算代理模块	私有服务	双向：In-Out	本币与本币结算代理模块交互的请求服务与响应服务合并	/	交易后服务体系	本币交易系统	结算代理模块
债券交易净额清算-质押式回购净额清算债券列表	SHCH-RMBTS-10-1	清算数据	债券交易净额清算-质押式回购净额清算债券列表	私有服务	双向：Out-In	A12	/	交易后服务体系	上海清算所	本币交易系统
债券交易净额清算-质押式回购净额清算债券列表技术反馈	SHCH-RMBTS-10-2	清算数据	债券交易质押式回购质押券信息反馈	私有服务	单向：Out-Only	A12	/	交易后服务体系	本币交易系统	上海清算所
日间会员逾期信息	SHCH-FXTS-5	违约数据	清算所--外汇竞价会员日间逾期数据	公有服务	单向：Out-Only	/	/	交易后服务体系	上海清算所	外汇交易系统
日间会员实际到账数据信息	SHCH-FXTS-6	应收应付数据	清算所--外汇竞价会员日间实际到账数据	公有服务	单向：Out-Only	/	/	交易后服务体系	上海清算所	外汇交易系统
债券估值－债券动态估值	BMS-CMDS-30	产品估值数据	债券动态估值	公有服务	单向：Out-Only	/	/	信息服务体系	市场基准参考系统	市场数据发布系统
债券估值－债券收盘估值	BMS-CMDS-31	产品估值数据	债券收盘估值	公有服务	单向：Out-Only	/	/	信息服务体系	市场基准参考系统	市场数据发布系统
Shibor数据－Shibor报价行报价	BMS-CMDS-4	关键指标数据	Shibor报价行报价	公有服务	单向：Out-Only	/	/	信息服务体系	市场基准参考系统	市场数据发布系统
Shibor－Shibor报价品种	BMS-RMBTS-16	关键指标数据	Shibor报价品种	公有服务	单向：Out-Only	A16	/	信息服务体系	市场基准参考系统	本币交易系统
SHIBOR报价品种数据	SHIBOR-RMBTS-3	关键指标数据	Shibor报价品种	公有服务	单向：Out-Only	A16	/	信息服务体系	上海银行间同业拆放利率系统	本币交易系统
SHIBOR均值数据	SHIBOR-RMBTS-1	关键指标数据	Shibor均值数据	公有服务	单向：Out-Only	A16	/	信息服务体系	上海银行间同业拆放利率系统	本币交易系统
Shibor－Shibor移动均值	BMS-RMBTS-15	关键指标数据	Shibor均值数据	公有服务	单向：Out-Only	A16	/	信息服务体系	市场基准参考系统	本币交易系统
Shibor－Shibor值	BMS-RMBTS-14	关键指标数据	Shibor值	公有服务	单向：Out-Only	/	/	信息服务体系	市场基准参考系统	本币交易系统
贷款基础利率－贷款基础利率LPR	BMS-CMDS-41	关键指标数据	贷款基础利率LPR	公有服务	单向：Out-Only	/	/	信息服务体系	市场基准参考系统	市场数据发布系统
贷款基础利率－贷款基础利率LPR报价行报价	BMS-CMDS-43	关键指标数据	贷款基础利率LPR报价行报价	公有服务	单向：Out-Only	/	/	信息服务体系	市场基准参考系统	市场数据发布系统
贷款基础利率－贷款基础利率LPR移动均值	BMS-CMDS-42	关键指标数据	贷款基础利率LPR移动均值	公有服务	单向：Out-Only	/	/	信息服务体系	市场基准参考系统	市场数据发布系统
黄金基准价	SGE-FXTS-1	关键指标数据	黄金基准价	公有服务	单向：Out-Only	/	/	信息服务体系	上海黄金交易所	外汇交易系统
回购定盘－回购定盘利率数据	BMS-RMBTS-2	关键指标数据	回购定盘利率数据	公有服务	单向：Out-Only	/	/	信息服务体系	市场基准参考系统	本币交易系统
美元隐含利率－美元隐含利率数据	BMS-CMDS-25	关键指标数据	美元隐含利率	公有服务	单向：Out-Only	/	/	信息服务体系	市场基准参考系统	市场数据发布系统
回购定盘－七天回购移动平均利率数据	BMS-RMBTS-3	关键指标数据	七天回购移动平均利率数据	公有服务	单向：Out-Only	/	/	信息服务体系	市场基准参考系统	本币交易系统
人民币中间价	FXTS-CHINAMONEY-1	关键指标数据	人民币外汇中间价	公有服务	单向：Out-Only	/	/	信息服务体系	外汇交易系统	中国货币网
外汇期权delta参数－外汇期权delta参数	BMS-CMDS-39	关键指标数据	外汇期权delta参数	公有服务	单向：Out-Only	/	/	信息服务体系	市场基准参考系统	市场数据发布系统
中国货币市场基准利率	SHIBOR-RMBTS-2	关键指标数据	中国货币市场基准利率	公有服务	单向：Out-Only	/	/	信息服务体系	上海银行间同业拆放利率系统	本币交易系统
利率互换－Shibor1W利率互换曲线	BMS-RMBTS-7	基准曲线	Shibor利率互换曲线	公有服务	单向：Out-Only	A14、A16	/	信息服务体系	市场基准参考系统	本币交易系统
Shibor数据－Shibor3M利率互换报价曲线	BMS-CMDS-7	基准曲线	Shibor利率互换曲线	公有服务	单向：Out-Only	A16	/	信息服务体系	市场基准参考系统	市场数据发布系统
利率互换－Shibor3M利率互换曲线	BMS-RMBTS-5	基准曲线	Shibor利率互换曲线	公有服务	单向：Out-Only	A14、A16	/	信息服务体系	市场基准参考系统	本币交易系统
利率互换－ShiborON利率互换曲线	BMS-RMBTS-6	基准曲线	Shibor利率互换曲线	公有服务	单向：Out-Only	A14、A16	/	信息服务体系	市场基准参考系统	本币交易系统
贷款利率互换－1年贷款利率互换曲线	BMS-RMBTS-9	基准曲线	贷款利率互换曲线	公有服务	单向：Out-Only	A14	/	信息服务体系	市场基准参考系统	本币交易系统
贷款利率互换－3年贷款利率互换曲线	BMS-RMBTS-10	基准曲线	贷款利率互换曲线	公有服务	单向：Out-Only	A14	/	信息服务体系	市场基准参考系统	本币交易系统
贷款利率互换－5年贷款利率互换曲线	BMS-RMBTS-11	基准曲线	贷款利率互换曲线	公有服务	单向：Out-Only	A14	/	信息服务体系	市场基准参考系统	本币交易系统
收益率曲线－当日做市券种	BMS-CMDS-16	基准曲线	当日做市券种	公有服务	单向：Out-Only	/	/	信息服务体系	市场基准参考系统	市场数据发布系统
货币掉期－人民币Shibor3M对美元Libor3M货币掉期曲线	BMS-CMDS-38	基准曲线	货币掉期曲线	公有服务	单向：Out-Only	A14	/	信息服务体系	市场基准参考系统	市场数据发布系统
货币掉期－人民币固定利率对美元Libor3M货币掉期曲线	BMS-CMDS-37	基准曲线	货币掉期曲线	公有服务	单向：Out-Only	A14	/	信息服务体系	市场基准参考系统	市场数据发布系统
收益率曲线－基准券定盘曲线	BMS-CMDS-17	基准曲线	基准券定盘收益率曲线	公有服务	单向：Out-Only	/	/	信息服务体系	市场基准参考系统	市场数据发布系统
利率互换定收盘－一年定存(季付)利率互换曲线	BMS-RMBTS-13	基准曲线	利率互换定收盘曲线	公有服务	单向：Out-Only	A14	/	信息服务体系	市场基准参考系统	本币交易系统
回购定盘－一年定存(年付)利率互换定收盘曲线	BMS-RMBTS-4	基准曲线	利率互换定收盘曲线	公有服务	单向：Out-Only	A14	/	信息服务体系	市场基准参考系统	本币交易系统
FR007利率互换－FR007利率互换报价曲线	BMS-CMDS-27	基准曲线	利率互换曲线	公有服务	单向：Out-Only	A16	/	信息服务体系	市场基准参考系统	市场数据发布系统
利率互换－FR007利率互换曲线	BMS-RMBTS-8	基准曲线	利率互换曲线	公有服务	单向：Out-Only	A16	/	信息服务体系	市场基准参考系统	本币交易系统
外汇远期－美元对人民币外汇远期曲线	BMS-CMDS-28	基准曲线	美元对人民币外汇远期曲线	公有服务	单向：Out-Only	/	/	信息服务体系	市场基准参考系统	市场数据发布系统
外汇远期－美元对人民币外汇远期报价曲线	BMS-CMDS-29	基准曲线	美元对人民币外汇远期最优报价曲线	公有服务	单向：Out-Only	/	/	信息服务体系	市场基准参考系统	市场数据发布系统
收益率曲线－基准券实时曲线	BMS-CGM-1	基准曲线	实时收益率曲线	公有服务	单向：Out-Only	A16	/	信息服务体系	市场基准参考系统	本币透明度系统
收益率曲线－基准券实时收益率曲线	BMS-CMDS-10	基准曲线	实时收益率曲线	公有服务	单向：Out-Only	A16	/	信息服务体系	市场基准参考系统	市场数据发布系统
收益率曲线－实时收益率曲线	BMS-RMBTS-17	基准曲线	实时收益率曲线	公有服务	单向：Out-Only	A16	/	信息服务体系	市场基准参考系统	本币交易系统
收益率曲线－收盘到期收益率曲线	BMS-RMBTS-18	基准曲线	收盘收益率曲线	公有服务	单向：Out-Only	A16	/	信息服务体系	市场基准参考系统	本币交易系统
收益率曲线－收盘曲线	BMS-CMDS-12	基准曲线	收盘收益率曲线	公有服务	单向：Out-Only	A16	/	信息服务体系	市场基准参考系统	市场数据发布系统
收益率曲线－收盘曲线成交样本	BMS-CMDS-14	基准曲线	收盘收益率曲线成交样本	公有服务	单向：Out-Only	/	/	信息服务体系	市场基准参考系统	市场数据发布系统
收益率曲线－收盘曲线双边报价样本	BMS-CMDS-13	基准曲线	收盘收益率曲线双边报价样本	公有服务	单向：Out-Only	/	/	信息服务体系	市场基准参考系统	市场数据发布系统
外汇掉期-SecurityID=CSCRUSD0	BMS-CMDS-21	基准曲线	外汇掉期曲线	公有服务	单向：Out-Only	A14	/	信息服务体系	市场基准参考系统	市场数据发布系统
外汇掉期－SecurityID=CSCRUSDA	BMS-CMDS-23	基准曲线	外汇掉期曲线	公有服务	单向：Out-Only	A14	/	信息服务体系	市场基准参考系统	市场数据发布系统
外汇掉期－SecurityID=CSCRUSDB	BMS-CMDS-22	基准曲线	外汇掉期曲线	公有服务	单向：Out-Only	A14	/	信息服务体系	市场基准参考系统	市场数据发布系统
外汇掉期－SecurityID=CSCAUSD0	BMS-CMDS-24	基准曲线	外汇掉期曲线	公有服务	单向：Out-Only	A14	/	信息服务体系	市场基准参考系统	市场数据发布系统
外汇期权波动率－外汇期权波动率曲线	BMS-CMDS-40	基准曲线	外汇期权波动率曲线	公有服务	单向：Out-Only	/	/	信息服务体系	市场基准参考系统	市场数据发布系统
债券指数-债券指数K线数据	BMS-CMDS-19	基准指数	债券指数K线数据	公有服务	单向：Out-Only	/	/	信息服务体系	市场基准参考系统	市场数据发布系统
债券指数-债券指数日内数据	BMS-CMDS-20	基准指数	债券指数日内数据	公有服务	单向：Out-Only	/	/	信息服务体系	市场基准参考系统	市场数据发布系统
存款类机构货币市场行情	DPS-RMBMSS-2	增值行情数据	存款类机构货币市场行情	公有服务	单向：Out-Only	/	/	信息服务体系	数据处理系统	本币监测系统
			            							
