服务编号	所属服务体系	所属主体域	所属数据实体	所属数据实体类型	所属服务名	MEP(消息交换模式)	公有/私有	对方接口编号（私有服务）	接口名称	接口编号	服务合并建议	服务数据更新时间	服务数据更新频率	私有服务同一业务双向交互编号	数据交换方式	服务发布者	服务订阅者
PRV-CDITS-I-0002	各体系共通	技术数据	技术信息	请求/发送	FTS获取文件指令信息	单向：Out-Only	私有服务		FTS获取文件指令数据	CDITS-Ihub-FTS-1	/			/	IMIX	大额存单发行注册系统	文件传输中间件
PRV-ICDIS-I-0003	各体系共通	技术数据	技术信息	请求/发送	FTS获取文件指令信息	单向：Out-Only	私有服务		指令信息-FTS根据指令获取文件	ICDIS-Ihub-FTS-1	/			/	IMIX	货币及债务工具发行系统（原名：同业存单发行系统）	文件传输中间件
PRV-RMBTS-I-0075	各体系共通	技术数据	技术信息	请求/发送	报文重发	单向：Out-Only	私有服务	PUB-CFAT-I-0001	报文重发	CFAT-RMBTS-2	/			/	IMIX	本币交易系统	北金所
PRV-RMBTS-I-0068	各体系共通	技术数据	技术信息	响应/反馈	本币清算承接结果反馈--债券交易技术反馈	单向：Out-Only	私有服务	PRV-SHCH-I-0045	债券交易净额清算-净额清算承接结果反馈技术反馈	SHCH-RMBTS-11-2	/			/	IMIX	本币交易系统	上海清算所
PRV-RMBTS-I-0066	各体系共通	技术数据	技术信息	响应/反馈	清算所--托管余额传输-报文传输反馈	单向：Out-Only	私有服务	PRV-SHCH-I-0043	托管余额传输-报文传输反馈	SHCH-RMBTS-8-3	/			/	IMIX	本币交易系统	上海清算所
PUB-SHCH-I-0003	各体系共通	技术数据	技术信息	请求/发送	清算所托管余额传输--托管余额发送预通知	单向：Out-Only	私有服务		托管余额传输-托管余额发送预通知	SHCH-RMBTS-8-1	/			/	IMIX	上海清算所	本币交易系统
PRV-RMBTS-I-0067	各体系共通	技术数据	技术信息	响应/反馈	债券交易净额清算-质押式回购净额清算债券列表技术反馈	单向：Out-Only	私有服务	PRV-SHCH-I-0044	债券交易净额清算-质押式回购净额清算债券列表技术反馈	SHCH-RMBTS-10-2	/			/	IMIX	本币交易系统	上海清算所
PUB-SHCH-I-0010	公共服务体系	产品数据	产品基础信息	计算类	NDF远期起息日	单向：Out-Only	公有服务		起息日信息	SHCH-FXTS-7	/			/	IMIX	上海清算所	外汇交易系统
PRV-SHCH-I-0059	公共服务体系	产品数据	产品基础信息	产品相关	本币标准产品合约参数	双向：Out-In	私有服务	PRV-XTRADE-I-0008	清算所-合约参数	SHCH-XTRADE-SIRS-8	将上清所发送给本币的标准利率互换、标准债券远期合约参数服务合并至上清所发给Xtrade的标准产品合约参数服务			31.0	IMIX	上海清算所	标准金融资产及衍生品交易系统
PRV-XTRADE-I-0008	公共服务体系	产品数据	产品基础信息	产品相关	本币标准产品合约参数反馈	单向：Out-Only	私有服务	PRV-SHCH-I-0059	清算所-合约参数-反馈	SHCH-XTRADE-SIRS-8-R	将本币发送给上清所的标准利率互换、标准债券远期合约参数反馈服务合并Xtrade发给上清所的标准产品合约参数反馈服务			31.0	IMIX	标准金融资产及衍生品交易系统	上海清算所
PRV-XTRADE-I-0007	公共服务体系	产品数据	产品基础信息	产品相关	本币标准产品合约数据	双向：Out-In	私有服务	PRV-SHCH-I-0058	清算所-合约数据	XTRADE-SHCH-SIRS-7	将本币发送给上清所的标准利率互换、标准债券远期合约参数服务合并Xtrade发给上清所的标准产品合约参数服务			32.0	IMIX	标准金融资产及衍生品交易系统	上海清算所
PRV-SHCH-I-0058	公共服务体系	产品数据	产品基础信息	产品相关	本币标准产品合约数据反馈	单向：Out-Only	私有服务	PRV-XTRADE-I-0007	清算所-合约数据-反馈	XTRADE-SHCH-SIRS-7-R	将上清所发送给本币的标准利率互换、标准债券远期合约数据反馈服务合并至上清所发给Xtrade的标准产品合约数据反馈服务			32.0	IMIX	上海清算所	标准金融资产及衍生品交易系统
PRV-SHCH-I-0049	公共服务体系	产品数据	产品基础信息	产品相关	本币标准利率互换合约参数	双向：Out-In	私有服务	PRV-RMBTS-I-0072	标准利率互换集中清算业务-合约参数	SHCH-RMBTS-16-1	确定合并，将上清所发送给本币的标准利率互换、标准债券远期合约参数服务合并			33.0	IMIX	上海清算所	本币交易系统
PRV-RMBTS-I-0072	公共服务体系	产品数据	产品基础信息	产品相关	本币标准利率互换合约参数反馈	单向：Out-Only	私有服务	PRV-SHCH-I-0049	标准利率互换集中清算业务-合约参数反馈	SHCH-RMBTS-16-2	确定合并，将本币发送给上清所的标准利率互换、标准债券远期合约参数反馈服务合并			33.0	IMIX	本币交易系统	上海清算所
PRV-RMBTS-I-0056	公共服务体系	产品数据	产品基础信息	产品相关	本币标准利率互换合约数据	双向：Out-In	私有服务	PRV-SHCH-I-0035	标准利率互换集中清算业务-合约数据	RMBTS-SHCH-41-1	确定合并，将本币发送给上清所的标准利率互换、标准债券远期合约数据服务合并			34.0	IMIX	本币交易系统	上海清算所
PRV-SHCH-I-0035	公共服务体系	产品数据	产品基础信息	产品相关	本币标准利率互换合约数据反馈	单向：Out-Only	私有服务	PRV-RMBTS-I-0056	标准利率互换集中清算业务-合约数据反馈	RMBTS-SHCH-41-2	确定合并，将上清所发送给本币的标准利率互换、标准债券远期合约数据反馈服务合并			34.0	IMIX	上海清算所	本币交易系统
PUB-XTRADE-O-0001	公共服务体系	产品数据	产品基础信息	产品相关	本币标准债券远期合约参数	单向：Out-Only	公有服务		合约基础参数（本币交易系统）	XTRADE-RMBTS-SBF-24	/			/	IMIX	标准金融资产及衍生品交易系统	本币交易系统
PRV-SHCH-I-0047	公共服务体系	产品数据	产品基础信息	产品相关	本币标准债券远期合约参数	双向：Out-In	私有服务	PRV-RMBTS-I-0070	标准债券远期集中净额清算业务-合约参数	SHCH-RMBTS-14-1	确定合并，将上清所发送给本币的标准利率互换、标准债券远期合约参数服务合并			35.0	IMIX	上海清算所	本币交易系统
PRV-RMBTS-I-0070	公共服务体系	产品数据	产品基础信息	产品相关	本币标准债券远期合约参数反馈	单向：Out-Only	私有服务	PRV-SHCH-I-0047	标准债券远期集中净额清算业务-合约参数反馈	SHCH-RMBTS-14-2	确定合并，将本币发送给上清所的标准利率互换、标准债券远期合约参数反馈服务合并			35.0	IMIX	本币交易系统	上海清算所
PRV-RMBTS-I-0047	公共服务体系	产品数据	产品基础信息	产品相关	本币标准债券远期合约数据	双向：Out-In	私有服务	PRV-SHCH-I-0026	标准债券远期集中净额清算业务-合约数据	RMBTS-SHCH-31-1	确定合并，将本币发送给上清所的标准利率互换、标准债券远期合约数据服务合并			36.0	IMIX	本币交易系统	上海清算所
PRV-SHCH-I-0026	公共服务体系	产品数据	产品基础信息	产品相关	本币标准债券远期合约数据反馈	单向：Out-Only	私有服务	PRV-RMBTS-I-0047	标准债券远期集中净额清算业务-合约数据反馈	RMBTS-SHCH-31-2	确定合并，将上清所发送给本币的标准利率互换、标准债券远期合约数据反馈服务合并			36.0	IMIX	上海清算所	本币交易系统
PRV-RMBTS-I-0048	公共服务体系	产品数据	产品基础信息	产品相关	本币标准债券远期可交割券	双向：Out-In	私有服务	PRV-SHCH-I-0027	标准债券远期集中净额清算业务-可交割券	RMBTS-SHCH-32-1	将本币发给上清所的标准债券远期可交割券服务合并至Xtrade发送给上清所的标准债券远期可交割券服务			37.0	IMIX	本币交易系统	上海清算所
PRV-XTRADE-I-0010	公共服务体系	产品数据	产品基础信息	产品相关	本币标准债券远期可交割券	双向：Out-In	私有服务	PRV-SHCH-I-0061	清算所-可交割券	XTRADE-SHCH-SBF-9	/			38.0	IMIX	标准金融资产及衍生品交易系统	上海清算所
PRV-SHCH-I-0027	公共服务体系	产品数据	产品基础信息	产品相关	本币标准债券远期可交割券反馈	单向：Out-Only	私有服务	PRV-RMBTS-I-0048	标准债券远期集中净额清算业务-可交割券信息反馈	RMBTS-SHCH-32-2	将上清所发给本币的标准债券远期可交割券反馈服务合并至上清所发送给Xtrade的标准债券远期可交割券反馈服务			37.0	IMIX	上海清算所	本币交易系统
PRV-SHCH-I-0061	公共服务体系	产品数据	产品基础信息	产品相关	本币标准债券远期可交割券反馈	单向：Out-Only	私有服务	PRV-XTRADE-I-0010	清算所-可交割券-反馈	XTRADE-SHCH-SBF-9-R	/			38.0	IMIX	上海清算所	标准金融资产及衍生品交易系统
PUB-PTPS-I-0007	公共服务体系	产品数据	产品基础信息	计算类	交割指令	单向：Out-Only	公有服务		交割指令	PTPS-CDC-1	/			/	IMIX	交易后处理系统	中央国债登记结算公司
PRV-SHCH-I-0039	公共服务体系	产品数据	产品基础信息	交易工具	交易工具发行--超短期融资券	双向：Out-In	私有服务	PRV-RMBTS-I-0062	超短期融资券发行	SHCH-RMBTS-2-1	/			39.0	IMIX	上海清算所	本币交易系统
PRV-SHCH-I-0041	公共服务体系	产品数据	产品基础信息	交易工具	交易工具发行--定向工具	双向：Out-In	私有服务	PRV-RMBTS-I-0064	定向工具发行	SHCH-RMBTS-4-1	/			40.0	IMIX	上海清算所	本币交易系统
PRV-SHCH-I-0040	公共服务体系	产品数据	产品基础信息	交易工具	交易工具发行--短期融资券	双向：Out-In	私有服务	PRV-RMBTS-I-0063	短期融资券发行	SHCH-RMBTS-3-1	/			41.0	IMIX	上海清算所	本币交易系统
PRV-RMBTS-I-0062	公共服务体系	产品数据	产品基础信息	交易工具	交易工具发行反馈--超短期融资券	单向：Out-Only	私有服务	PRV-SHCH-I-0039	超短期融资券发行反馈	SHCH-RMBTS-2-2	/			39.0	IMIX	本币交易系统	上海清算所
PRV-RMBTS-I-0064	公共服务体系	产品数据	产品基础信息	交易工具	交易工具发行反馈--定向工具	单向：Out-Only	私有服务	PRV-SHCH-I-0041	定向工具发行反馈	SHCH-RMBTS-4-2	/			40.0	IMIX	本币交易系统	上海清算所
PRV-RMBTS-I-0063	公共服务体系	产品数据	产品基础信息	交易工具	交易工具发行反馈--短期融资券	单向：Out-Only	私有服务	PRV-SHCH-I-0040	短期融资券发行反馈	SHCH-RMBTS-3-2	/			41.0	IMIX	本币交易系统	上海清算所
PRV-ICDIS-I-0001	公共服务体系	产品数据	产品基础信息	交易工具	交易工具发行反馈--同业存单	双向：In-Out	私有服务	PRV-SHCH-I-0070	同业存单发行反馈	SHCH-ICDIS-1-R	/			42.0	IMIX	货币及债务工具发行系统（原名：同业存单发行系统）	上海清算所
PRV-RMBTS-I-0065	公共服务体系	产品数据	产品基础信息	交易工具	交易工具发行反馈--同业存单	单向：Out-Only	私有服务	PRV-SHCH-I-0042	同业存单发行反馈	SHCH-RMBTS-7-2	本币发送给上清所的同业存单发行反馈服务合并至货币及债务工具发行系统发给上清所的同业存单发行反馈服务			43.0	IMIX	本币交易系统	上海清算所
PRV-RMBTS-I-0061	公共服务体系	产品数据	产品基础信息	交易工具	交易工具发行反馈--信用风险缓释凭证	单向：Out-Only	私有服务	PRV-SHCH-I-0038	信用风险缓释凭证发行反馈	SHCH-RMBTS-1-2	/			44.0	IMIX	本币交易系统	上海清算所
PRV-SHCH-I-0042	公共服务体系	产品数据	产品基础信息	交易工具	交易工具发行--同业存单	双向：Out-In	私有服务	PRV-RMBTS-I-0065	同业存单发行	SHCH-RMBTS-7-1	上清所发送给本币的同业存单发行服务合并至上清所发给货币及债务工具发行系统的同业存单发行服务			43.0	IMIX	上海清算所	本币交易系统
PRV-SHCH-I-0070	公共服务体系	产品数据	产品基础信息	交易工具	交易工具发行--同业存单	单向：Out-Only	私有服务	PRV-ICDIS-I-0001	同业存单发行（交易流通）	SHCH-ICDIS-1	/			42.0	IMIX	上海清算所	货币及债务工具发行系统（原名：同业存单发行系统）
PRV-SHCH-I-0038	公共服务体系	产品数据	产品基础信息	交易工具	交易工具发行--信用风险缓释凭证	双向：Out-In	私有服务	PRV-RMBTS-I-0061	信用风险缓释凭证发行	SHCH-RMBTS-1-1	/			44.0	IMIX	上海清算所	本币交易系统
PUB-SHCH-I-0001	公共服务体系	产品数据	产品基础信息	交易工具	交易工具发行--资产支持证券	单向：Out-Only	公有服务		ABS发行	SHCH-RMBTS-5	/			/	IMIX	上海清算所	本币交易系统
PUB-CDC-I-0001	公共服务体系	产品数据	产品基础信息	产品相关	现券买卖流通量--国债登	单向：Out-Only	公有服务		CDC发送给本币交易系统的现券买卖流通量	CDC-RMBTS-1	/			/	IMIX	中央国债登记结算公司	本币交易系统
PUB-SHCH-I-0002	公共服务体系	产品数据	产品基础信息	计算类	债券付息信息--资产支持证券付息	单向：Out-Only	公有服务		ABS变动	SHCH-RMBTS-6	/			/	IMIX	上海清算所	本币交易系统
PUB-XTRADE-I-0019	公共服务体系	市场条件	场次数据	/	质押匿名点击场次信息	单向：Out-Only	公有服务		接口组-质押匿名点击场次信息发往监测系统	XTRADE-RMBMSS-Repo-6	/			/	IMIX	标准金融资产及衍生品交易系统	本币监测系统
PUB-FXTS-I-0023	公共服务体系	机构数据	会员权限信息	/	外汇竞价交易会员信息	单向：Out-Only	私有服务		竞价会员基础信息	FXTS-SHCH-9	/			/	IMIX	外汇交易系统	上海清算所
PUB-FXTS-I-0021	公共服务体系	机构数据	会员权限信息	/	外汇日终会员结算银行与保证金银行信息	单向：Out-Only	私有服务		日终发送结算银行与保证金银行全量信息	FXTS-SHCH-4	/			/	IMIX	外汇交易系统	上海清算所
PRV-FXTS-I-0022	公共服务体系	机构数据	会员权限信息	/	外汇日终询价交易会员信息	双向：Out-In	私有服务	PRV-SHCH-I-0050	日终发送询价净额清算会员全量信息	FXTS-SHCH-2	/			45.0	IMIX	外汇交易系统	上海清算所
PRV-SHCH-I-0050	公共服务体系	机构数据	会员权限信息	/	外汇日终询价交易会员信息反馈	单向：Out-Only	私有服务	PRV-FXTS-I-0022	日终批量发送询价净额清算会员信息核对结果	FXTS-SHCH-2-R	/			45.0	IMIX	上海清算所	外汇交易系统
PUB-SHCH-I-0005	公共服务体系	机构数据	会员权限信息	/	债券交易净额清算资质机构名单	单向：Out-Only	私有服务		债券交易净额清算-净额清算资质机构名单	SHCH-RMBTS-12	/			/	IMIX	上海清算所	本币交易系统
PRV-CFAT-I-0001	公共服务体系	机构数据	机构基础信息	/	北金所交易会员信息	单向：Out-Only	私有服务	PRV-RMBTS-I-0075	北金所机构会员基础数据	CFAT-RMBTS-1	/			/	IMIX	北金所	本币交易系统
PUB-RMBTS-I-0151	公共服务体系	机构数据	机构基础信息	/	本币利率互换会员信息	单向：Out-Only	私有服务		IRS净额清算-机构基础信息	RMBTS-SHCH-17	/			/	IMIX	本币交易系统	上海清算所
PRV-PTPS-I-0010	公共服务体系	统计分析	基础统计数据	闭市统计	本币闭市统计	双向：Out-In	私有服务	PRV-SHCH-I-0064	闭市统计-本币	PTPS-IHUb-SHCH-4	/			46.0	IMIX	交易后处理系统	上海清算所
PUB-RMBTS-I-0162	公共服务体系	统计分析	基础统计数据	闭市统计	本币闭市统计	单向：Out-Only	公有服务		闭市统计	RMBTS-PTPS-9	确定合并，重复			/	IMIX	本币交易系统	交易后处理系统
PUB-RMBTS-I-0164	公共服务体系	统计分析	基础统计数据	闭市统计	本币闭市统计	单向：Out-Only	公有服务		闭市统计	RMBTS-PTPS-11	确定合并，重复			/	IMIX	本币交易系统	交易后处理系统
PRV-SHCH-I-0064	公共服务体系	统计分析	基础统计数据	闭市统计	本币闭市统计反馈	单向：Out-Only	私有服务	PRV-PTPS-I-0010	本币系统闭市反馈	SHCH-Ihub-PTPS-4	/			46.0	IMIX	上海清算所	交易后处理系统
PRV-XTRADE-I-0005	公共服务体系	统计分析	基础统计数据	交易笔数统计	本币标准产品日终交易笔数	双向：Out-In	私有服务	PRV-SHCH-I-0056	清算所-当日交易总笔数	XTRADE-SHCH-SIRS-5	将本币发送给上清所得标准产品日终交易笔数服务合并至Xtrade发给上清所得标准产品交易笔数服务			47.0	IMIX	标准金融资产及衍生品交易系统	上海清算所
PRV-SHCH-I-0056	公共服务体系	统计分析	基础统计数据	交易笔数统计	本币标准产品日终交易笔数反馈（核对结果）	单向：Out-Only	私有服务	PRV-XTRADE-I-0005	清算所-当日交易总笔数-反馈	XTRADE-SHCH-SIRS-5-R	将本币发送给上清所得标准产品日终交易笔数反馈服务合并至Xtrade发给上清所得标准产品交易笔数反馈服务			47.0	IMIX	上海清算所	标准金融资产及衍生品交易系统
PRV-RMBTS-I-0055	公共服务体系	统计分析	基础统计数据	交易笔数统计	本币标准利率互换日终交易笔数	单向：Out-Only	私有服务	PRV-SHCH-I-0034	标准利率互换集中清算业务-当日交易总笔数	RMBTS-SHCH-39	确定合并，本币发送给上清所的标准利率互换、标准债券远期日终交易笔数服务合并			48.0	IMIX	本币交易系统	上海清算所
PRV-SHCH-I-0034	公共服务体系	统计分析	基础统计数据	交易笔数统计	本币标准利率互换日终交易笔数反馈（核对结果）	单向：Out-Only	私有服务	PRV-RMBTS-I-0055	标准利率互换集中清算业务-当日交易总笔数核对结果	RMBTS-SHCH-40	确定合并，上清所发送给本币的标准利率互换、标准债券远期日终交易笔数反馈服务合并			48.0	IMIX	上海清算所	本币交易系统
PUB-XTRADE-I-0005	公共服务体系	统计分析	基础统计数据	交易笔数统计	本币标准利率互换统计数据	单向：Out-Only	私有服务		统计数据(接口存在但不使用)	XTRADE-RMBTS-IRS-15	/			/	IMIX	标准金融资产及衍生品交易系统	本币交易系统
PRV-RMBTS-I-0046	公共服务体系	统计分析	基础统计数据	交易笔数统计	本币标准债券远期日终交易笔数反馈（核对结果）	单向：Out-Only	私有服务	PRV-RMBTS-I-0045	标准债券远期集中净额清算业务-当日交易总笔数核对结果	RMBTS-SHCH-30	确定合并，上清所发送给本币的标准利率互换、标准债券远期日终交易笔数反馈服务合并			49.0	IMIX	上海清算所	本币交易系统
PRV-RMBTS-I-0045	公共服务体系	统计分析	基础统计数据	交易笔数统计	本币标准债券远期日终交易笔数	单向：Out-Only	私有服务	PRV-RMBTS-I-0046	标准债券远期集中净额清算业务-当日交易总笔数	RMBTS-SHCH-29	确定合并，本币发送给上清所的标准利率互换、标准债券远期日终交易笔数服务合并			49.0	IMIX	本币交易系统	上海清算所
PRV-RMBTS-I-0037	公共服务体系	统计分析	基础统计数据	闭市统计	本币利率互换闭市统计	双向：Out-In	私有服务	PRV-SHCH-I-0019	IRS净额清算-日终交易中心闭市状态	RMBTS-SHCH-21-1	/			50.0	IMIX	本币交易系统	上海清算所
PRV-SHCH-I-0019	公共服务体系	统计分析	基础统计数据	闭市统计	本币利率互换闭市统计反馈	单向：Out-Only	私有服务	PRV-RMBTS-I-0037	IRS净额清算-闭市反馈	RMBTS-SHCH-21-2	/			50.0	IMIX	上海清算所	本币交易系统
PUB-RMBTS-I-0163	公共服务体系	统计分析	基础统计数据	闭市统计	本币预收盘	单向：Out-Only	公有服务		预收盘	RMBTS-PTPS-10	/			/	IMIX	本币交易系统	交易后处理系统
PRV-PTPS-I-0011	公共服务体系	统计分析	基础统计数据	闭市统计	闭市统计	双向：Out-In	私有服务	PRV-SHCH-I-0065	闭市统计-交易后	PTPS-IHUb-SHCH-5	/			51.0	IMIX	交易后处理系统	上海清算所
PRV-SHCH-I-0065	公共服务体系	统计分析	基础统计数据	闭市统计	闭市统计反馈	单向：Out-Only	私有服务	PRV-PTPS-I-0011	交易后系统闭市反馈	SHCH-Ihub-PTPS-5	/			51.0	IMIX	上海清算所	交易后处理系统
PUB-FXTS-I-0022	公共服务体系	统计分析	基础统计数据	闭市统计	外汇闭市统计	单向：Out-Only	公有服务		日终交易系统闭市状态信息	FXTS-SHCH-5	/			/	IMIX	外汇交易系统	上海清算所
PRV-FXTS-I-0023	公共服务体系	统计分析	基础统计数据	交易笔数统计	外汇交易笔数和累计交易金额	双向：Out-In	私有服务	PRV-SHCH-I-0051	日终发送汇总交易笔数和累计交易金额	FXTS-SHCH-3	/			52.0	IMIX	外汇交易系统	上海清算所
PRV-SHCH-I-0051	公共服务体系	统计分析	基础统计数据	交易笔数统计	外汇交易笔数和累计交易金额反馈	单向：Out-Only	私有服务	PRV-FXTS-I-0023	日终发送汇总交易笔数和累计交易金额核对结果	FXTS-SHCH-3-R	/			52.0	IMIX	上海清算所	外汇交易系统
PUB-RMBTS-I-0149	公共服务体系	报告数据	交易行为分析数据	/	本币结算失败成交状态	单向：Out-Only	公有服务		结算失败成交	RMBTS-DPS-4	/			/	IMIX	本币交易系统	数据处理系统
PUB-DPS-I-0003	公共服务体系	报告数据	交易行为分析数据	/	本币利率互换成交清洗后信息	单向：Out-Only	公有服务		清洗后利率互换成交信息	DPS-RMBMSS-3	/			/	IMIX	数据处理系统	本币监测系统
PUB-DPS-I-0001	公共服务体系	报告数据	交易行为分析数据	/	本币异常交易数据	单向：Out-Only	公有服务		异常交易数据	DPS-RMBMSS-1	/			/	IMIX	数据处理系统	本币监测系统
PUB-RMBTS-I-0167	公共服务体系	市场条件	交易时段变更信息	/	本币交易时段变更信息--交易时段变更	单向：Out-Only	公有服务		接口组-质押匿名点击成交应急数据发往X-Trade（本币）	RMBTS-XTRADE-Repo-3	/			/	IMIX	本币交易系统	标准金融资产及衍生品交易系统
PUB-RMBTS-I-0154	公共服务体系	市场条件	交易时段变更信息	/	本币交易时段变更信息--开盘信息	单向：Out-Only	公有服务		交易系统开盘信息	RMBTS-CFAT-1	/			/	IMIX	本币交易系统	北金所
PUB-RMBTS-I-0166	公共服务体系	市场条件	交易时段变更信息	/	本币交易时段变更信息--开市信息	单向：Out-Only	公有服务		早上开市消息	RMBTS-XTRADE-IRS-4	/			/	IMIX	本币交易系统	标准金融资产及衍生品交易系统
PUB-FXTS-I-0020	公共服务体系	市场条件	交易时段变更信息	/	外汇交易时段变更信息--开市信息	单向：Out-Only	公有服务		开市信息	FXTS-CSWAP-1	/			/	IMIX	外汇交易系统	标准化外汇产品交易系统
PUB-RMBTS-I-0056	核心交易体系	指令数据	报价信息	意向报价	ETF基金买卖意向报价	单向：Out-Only	公有服务		ETF市场-意向报价	RMBTS-CMDS-10-1	/			/	IMIX	本币交易系统	市场数据发布系统
PRV-RMBTS-I-0018	核心交易体系	指令数据	报价信息	报价查询	报文查询请求--结算代理模块	单向：Out-Only	私有服务	PRV-RMBSCM-I-0008	发送报文查询请求	RMBTS-RMBSCM-9-1	/			1.0	IMIX	本币交易系统	结算代理模块
PRV-RMBSCM-I-0008	核心交易体系	指令数据	报价信息	报价查询	报文查询响应--结算代理模块	双向：In-Out	私有服务	PRV-RMBTS-I-0018	接收报文查询响应	RMBTS-RMBSCM-9-2	/			1.0	IMIX	结算代理模块	本币交易系统
PUB-RMBTS-I-0034	核心交易体系	指令数据	报价信息	点击成交报价	利率互换(浮动)浮动互换点击成交报价	单向：Out-Only	公有服务		利率互换市场-（浮动）浮动一次点击成交报价	RMBTS-CMDS-7-5	/			/	IMIX	本币交易系统	市场数据发布系统
PUB-RMBTS-I-0033	核心交易体系	指令数据	报价信息	对话报价	利率互换(浮动)浮动互换对话报价	单向：Out-Only	公有服务		利率互换市场-本方（浮动）浮动对话报价	RMBTS-CSTP-7-6	/			/	IMIX	本币交易系统	本币交易直通式处理系统（本币CSTP）
PUB-RMBTS-I-0036	核心交易体系	指令数据	报价信息	双向报价	利率互换(浮动)浮动互换双向报价	单向：Out-Only	公有服务		利率互换（IRS）双边报价—基准互换	RMBTS-SHIBOR-4	本币给shibor、CMDS系统的利率互换(浮动)浮动互换双向报价服务合并			/	IMIX	本币交易系统	上海银行间同业拆放利率系统
PUB-RMBTS-I-0035	核心交易体系	指令数据	报价信息	双向报价	利率互换(浮动)浮动互换双向报价	单向：Out-Only	公有服务		利率互换市场-（浮动）浮动双向报价	RMBTS-CMDS-7-6	本币给shibor、CMDS系统的利率互换(浮动)浮动互换双向报价服务合并			/	IMIX	本币交易系统	市场数据发布系统
PUB-RMBTS-I-0032	核心交易体系	指令数据	报价信息	意向报价	利率互换(浮动)浮动意向报价	单向：Out-Only	公有服务		利率互换市场-（浮动）浮动意向报价	RMBTS-CMDS-7-4	/			/	IMIX	本币交易系统	市场数据发布系统
PUB-RMBTS-I-0030	核心交易体系	指令数据	报价信息	点击成交报价	利率互换(固定)浮动点击成交报价	单向：Out-Only	公有服务		利率互换市场-（固定）浮动一次点击成交报价	RMBTS-CMDS-7-2	/			/	IMIX	本币交易系统	市场数据发布系统
PUB-RMBTS-I-0029	核心交易体系	指令数据	报价信息	对话报价	利率互换(固定)浮动对话报价	单向：Out-Only	公有服务		利率互换市场-本方（固定）浮动对话报价	RMBTS-CSTP-7-2	/			/	IMIX	本币交易系统	本币交易直通式处理系统（本币CSTP）
PUB-RMBTS-I-0031	核心交易体系	指令数据	报价信息	双向报价	利率互换(固定)浮动双向报价	单向：Out-Only	公有服务		利率互换市场-（固定）浮动双向报价	RMBTS-CMDS-7-3	/			/	IMIX	本币交易系统	市场数据发布系统
PUB-RMBTS-I-0028	核心交易体系	指令数据	报价信息	意向报价	利率互换(固定)浮动意向报价	单向：Out-Only	公有服务		利率互换市场-（固定）浮动意向报价	RMBTS-CMDS-7-1	/			/	IMIX	本币交易系统	市场数据发布系统
PUB-RMBTS-I-0101	核心交易体系	指令数据	报价信息	点击成交报价	利率互换关联机构(浮动)浮动点击成交报价	单向：Out-Only	公有服务		利率互换市场-关联机构（浮动）浮动点击成交报价	RMBTS-CSTP-21-7	/			/	IMIX	本币交易系统	本币交易直通式处理系统（本币CSTP）
PUB-RMBTS-I-0100	核心交易体系	指令数据	报价信息	对话报价	利率互换关联机构(浮动)浮动对话报价	单向：Out-Only	公有服务		利率互换市场-关联机构（浮动）浮动对话报价	RMBTS-CSTP-21-6	/			/	IMIX	本币交易系统	本币交易直通式处理系统（本币CSTP）
PUB-RMBTS-I-0102	核心交易体系	指令数据	报价信息	双向报价	利率互换关联机构(浮动)浮动双向报价	单向：Out-Only	公有服务		利率互换市场-关联机构（浮动）浮动双向报价	RMBTS-CSTP-21-8	/			/	IMIX	本币交易系统	本币交易直通式处理系统（本币CSTP）
PUB-RMBTS-I-0099	核心交易体系	指令数据	报价信息	意向报价	利率互换关联机构(浮动)浮动意向报价	单向：Out-Only	公有服务		利率互换市场-关联机构（浮动）浮动意向报价	RMBTS-CSTP-21-5	/			/	IMIX	本币交易系统	本币交易直通式处理系统（本币CSTP）
PUB-RMBTS-I-0097	核心交易体系	指令数据	报价信息	点击成交报价	利率互换关联机构(固定)浮动点击成交报价	单向：Out-Only	公有服务		利率互换市场-关联机构（固定）浮动一次确认点击成交报价	RMBTS-CSTP-21-3	/			/	IMIX	本币交易系统	本币交易直通式处理系统（本币CSTP）
PUB-RMBTS-I-0096	核心交易体系	指令数据	报价信息	对话报价	利率互换关联机构(固定)浮动对话报价	单向：Out-Only	公有服务		利率互换市场-关联机构（固定）浮动对话报价	RMBTS-CSTP-21-2	/			/	IMIX	本币交易系统	本币交易直通式处理系统（本币CSTP）
PUB-RMBTS-I-0098	核心交易体系	指令数据	报价信息	双向报价	利率互换关联机构(固定)浮动双向报价	单向：Out-Only	公有服务		利率互换市场-关联机构（固定）浮动双向报价	RMBTS-CSTP-21-4	/			/	IMIX	本币交易系统	本币交易直通式处理系统（本币CSTP）
PUB-RMBTS-I-0095	核心交易体系	指令数据	报价信息	意向报价	利率互换关联机构(固定)浮动意向报价	单向：Out-Only	公有服务		利率互换市场-关联机构（固定）浮动意向报价	RMBTS-CSTP-21-1	/			/	IMIX	本币交易系统	本币交易直通式处理系统（本币CSTP）
PUB-RMBTS-I-0052	核心交易体系	指令数据	报价信息	对话报价	利率互换期权对话报价	单向：Out-Only	公有服务		利率互换期权市场-本方对话报价	RMBTS-CSTP-13-1	/			/	IMIX	本币交易系统	本币交易直通式处理系统（本币CSTP）
PUB-RMBTS-I-0121	核心交易体系	指令数据	报价信息	对话报价	利率互换期权关联机构对话报价	单向：Out-Only	公有服务		利率互换期权市场-关联机构对话报价	RMBTS-CSTP-27-1	/			/	IMIX	本币交易系统	本币交易直通式处理系统（本币CSTP）
PUB-ICAP-I-0009	核心交易体系	指令数据	报价信息	点击成交报价	利率互换市场最优报价--货币经纪	单向：Out-Only	公有服务		Excel报价－利率互换报价	ICAP-BMS-7	/			/	IMIX	国际货币经纪公司ICAP	市场基准参考系统
PUB-RMBTS-I-0054	核心交易体系	指令数据	报价信息	对话报价	利率上限/下限期权对话报价	单向：Out-Only	公有服务		利率上限/下限期权市场-本方对话报价	RMBTS-CSTP-14-1	/			/	IMIX	本币交易系统	本币交易直通式处理系统（本币CSTP）
PUB-RMBTS-I-0123	核心交易体系	指令数据	报价信息	对话报价	利率上限/下限期权关联机构对话报价	单向：Out-Only	公有服务		利率上限/下限期权市场-关联机构对话报价	RMBTS-CSTP-28-1	/			/	IMIX	本币交易系统	本币交易直通式处理系统（本币CSTP）
PUB-RMBTS-I-0010	核心交易体系	指令数据	报价信息	对话报价	买断式回购对话报价	单向：Out-Only	公有服务		买断式回购市场-本方对话报价	RMBTS-CSTP-3-2	/			/	IMIX	本币交易系统	本币交易直通式处理系统（本币CSTP）
PUB-RMBTS-I-0077	核心交易体系	指令数据	报价信息	对话报价	买断式回购关联机构对话报价	单向：Out-Only	公有服务		买断式回购市场-关联机构对话报价	RMBTS-CSTP-17-2	/			/	IMIX	本币交易系统	本币交易直通式处理系统（本币CSTP）
PUB-RMBTS-I-0076	核心交易体系	指令数据	报价信息	意向报价	买断式回购关联机构意向报价	单向：Out-Only	公有服务		买断式回购市场-关联机构意向报价	RMBTS-CSTP-17-1	/			/	IMIX	本币交易系统	本币交易直通式处理系统（本币CSTP）
PUB-RMBTS-I-0009	核心交易体系	指令数据	报价信息	意向报价	买断式回购意向报价	单向：Out-Only	公有服务		买断式回购市场-意向报价	RMBTS-CMDS-3-1	/			/	IMIX	本币交易系统	市场数据发布系统
PUB-ICAP-I-0004	核心交易体系	指令数据	报价信息	外汇市场	外汇期权最优报价--货币经纪	单向：Out-Only	公有服务		外汇期权报价	ICAP-FXTS-4	/			/	IMIX	国际货币经纪公司ICAP	外汇交易系统
PUB-ICAP-I-0010	核心交易体系	指令数据	报价信息	点击成交报价	现券买卖标准单边报价--货币经纪	单向：Out-Only	公有服务		债券台－现券买卖标准单边报价	ICAP-BMS-8	/			/	IMIX	国际货币经纪公司ICAP	市场基准参考系统
PUB-ICAP-I-0011	核心交易体系	指令数据	报价信息	点击成交报价	现券买卖标准双边报价--货币经纪	单向：Out-Only	公有服务		债券台－现券买卖标准双边报价	ICAP-BMS-9	/			/	IMIX	国际货币经纪公司ICAP	市场基准参考系统
PUB-ICAP-I-0013	核心交易体系	指令数据	报价信息	点击成交报价	现券买卖单边无价格无数量报价--货币经纪	单向：Out-Only	公有服务		债券台－现券买卖单边无价格无数量报价	ICAP-BMS-11	/			/	IMIX	国际货币经纪公司ICAP	市场基准参考系统
PUB-ICAP-I-0012	核心交易体系	指令数据	报价信息	点击成交报价	现券买卖单边无价格有数量报价--货币经纪	单向：Out-Only	公有服务		债券台－现券买卖单边无价格有数量报价	ICAP-BMS-10	/			/	IMIX	国际货币经纪公司ICAP	市场基准参考系统
PUB-RMBTS-I-0014	核心交易体系	指令数据	报价信息	点击成交报价	现券买卖点击成交报价	单向：Out-Only	公有服务		现券买卖市场-点击成交报价	RMBTS-CMDS-4-2	/			/	IMIX	本币交易系统	市场数据发布系统
PRV-RMBTS-I-0007	核心交易体系	指令数据	报价信息	点击成交报价	现券买卖点击成交报价请求--结算代理模块	双向：Out-In	私有服务	PRV-RMBSCM-I-0006	发送现券点击成交报价	RMBTS-RMBSCM-4-1	/			2.0	IMIX	本币交易系统	结算代理模块
PRV-RMBSCM-I-0006	核心交易体系	指令数据	报价信息	点击成交报价	现券买卖点击成交报价响应--结算代理模块	单向：Out-Only	私有服务	PRV-RMBTS-I-0007	接收现券点击成交报价响应	RMBTS-RMBSCM-4-2	/			2.0	IMIX	结算代理模块	本币交易系统
PUB-RMBTS-I-0020	核心交易体系	指令数据	报价信息	点击成交报价	现券买卖点击成交报价--资产支持证券	单向：Out-Only	公有服务		资产支持类证券市场-点击成交报价	RMBTS-CMDS-5-2	确认合并，本币发送给市场数据发布系统的资产支持证券点击成交报价服务合并至本币发送给数据发布系统的现券买卖点击成交报价			/	IMIX	本币交易系统	市场数据发布系统
PUB-RMBTS-I-0013	核心交易体系	指令数据	报价信息	对话报价	现券买卖对话报价	单向：Out-Only	公有服务		现券买卖市场-本方对话报价	RMBTS-CSTP-4-4	/			/	IMIX	本币交易系统	本币交易直通式处理系统（本币CSTP）
PRV-RMBTS-I-0006	核心交易体系	指令数据	报价信息	对话报价	现券买卖对话报价请求--结算代理模块	双向：Out-In	私有服务	PRV-RMBSCM-I-0005	发送现券对话报价	RMBTS-RMBSCM-3-1	/			3.0	IMIX	本币交易系统	结算代理模块
PRV-RMBSCM-I-0005	核心交易体系	指令数据	报价信息	对话报价	现券买卖对话报价响应--结算代理模块	单向：Out-Only	私有服务	PRV-RMBTS-I-0006	接收现券对话报价响应	RMBTS-RMBSCM-3-2	/			3.0	IMIX	结算代理模块	本币交易系统
PUB-RMBTS-I-0019	核心交易体系	指令数据	报价信息	对话报价	现券买卖对话报价--资产支持证券	单向：Out-Only	公有服务		资产支持证券市场-本方对话报价	RMBTS-CSTP-5-2	确认合并，本币发送给本币CSTP的资产支持证券对话报价服务合并至本币发送给本币CSTP的现券买卖对话报价			/	IMIX	本币交易系统	本币交易直通式处理系统（本币CSTP）
PUB-RMBTS-I-0081	核心交易体系	指令数据	报价信息	点击成交报价	现券买卖关联机构点击成交报价	单向：Out-Only	公有服务		现券买卖市场-关联机构点击成交报价	RMBTS-CSTP-18-5	/			/	IMIX	本币交易系统	本币交易直通式处理系统（本币CSTP）
PUB-RMBTS-I-0088	核心交易体系	指令数据	报价信息	点击成交报价	现券买卖关联机构点击成交报价--资产支持证券	单向：Out-Only	公有服务		资产支持证券市场-关联机构点击成交报价	RMBTS-CSTP-19-3	确认合并，本币发送给本币CSTP的资产支持证券对话报价服务合并至本币发送给本币CSTP的现券买卖对话报价			/	IMIX	本币交易系统	本币交易直通式处理系统（本币CSTP）
PUB-RMBTS-I-0080	核心交易体系	指令数据	报价信息	对话报价	现券买卖关联机构对话报价	单向：Out-Only	公有服务		现券买卖市场-关联机构对话报价	RMBTS-CSTP-18-4	/			/	IMIX	本币交易系统	本币交易直通式处理系统（本币CSTP）
PUB-RMBTS-I-0086	核心交易体系	指令数据	报价信息	对话报价	现券买卖关联机构对话报价--资产支持证券	单向：Out-Only	公有服务		资产支持证券市场-关联机构对话报价	RMBTS-CSTP-19-2	确认合并，本币发送给本币CSTP的资产支持证券对话报价服务合并至本币发送给本币CSTP的现券买卖对话报价			/	IMIX	本币交易系统	本币交易直通式处理系统（本币CSTP）
PRV-RMBTS-I-0010	核心交易体系	指令数据	报价信息	请求报价	现券买卖关联机构请求报价请求	单向：Out-Only	私有服务	PRV-RMBCSTP-I-0003	现券买卖市场-关联机构RFQ报价请求	RMBTS-CSTP-18-2	/			53.0	IMIX	本币交易系统	本币交易直通式处理系统（本币CSTP）
PRV-RMBCSTP-I-0003	核心交易体系	指令数据	报价信息	请求报价	现券买卖关联机构请求报价响应	双向：In-Out	私有服务	PRV-RMBTS-I-0010	现券买卖市场-关联机构RFQ报价请求回复	RMBTS-CSTP-18-3	/			53.0	IMIX	本币交易直通式处理系统（本币CSTP）	本币交易系统
PUB-RMBTS-I-0087	核心交易体系	指令数据	报价信息	双向报价	现券买卖关联机构双向报价	单向：Out-Only	公有服务		资产支持证券市场-关联机构双向报价	RMBTS-CSTP-19-5	/			/	IMIX	本币交易系统	本币交易直通式处理系统（本币CSTP）
PUB-RMBTS-I-0083	核心交易体系	指令数据	报价信息	限价报价	现券买卖关联机构限价报价	单向：Out-Only	公有服务		现券买卖市场-关联机构限价报价	RMBTS-CSTP-18-7	/			/	IMIX	本币交易系统	本币交易直通式处理系统（本币CSTP）
PUB-RMBTS-I-0090	核心交易体系	指令数据	报价信息	限价报价	现券买卖关联机构限价报价--资产支持证券	单向：Out-Only	公有服务		资产支持证券市场-关联机构限价报价	RMBTS-CSTP-19-6	确认合并，本币发送给本币CSTP的资产支持证券关联机构限价报价服务合并至本币发送给本币CSTP的现券买卖关联机构限价报价			/	IMIX	本币交易系统	本币交易直通式处理系统（本币CSTP）
PUB-RMBTS-I-0079	核心交易体系	指令数据	报价信息	意向报价	现券买卖关联机构意向报价	单向：Out-Only	公有服务		现券买卖市场-关联机构意向报价	RMBTS-CSTP-18-1	/			/	IMIX	本币交易系统	本币交易直通式处理系统（本币CSTP）
PUB-RMBTS-I-0085	核心交易体系	指令数据	报价信息	意向报价	现券买卖关联机构意向报价--资产支持证券	单向：Out-Only	公有服务		资产支持证券市场-关联机构意向报价	RMBTS-CSTP-19-1	确认合并，本币发送给本币CSTP的资产支持证券关联机构意向报价服务合并至本币发送给本币CSTP的现券买卖关联机构意向报价			/	IMIX	本币交易系统	本币交易直通式处理系统（本币CSTP）
PUB-RMBTS-I-0082	核心交易体系	指令数据	报价信息	点击成交报价	现券买卖关联机构做市报价	单向：Out-Only	公有服务		现券买卖市场-关联机构做市报价	RMBTS-CSTP-18-6	/			/	IMIX	本币交易系统	本币交易直通式处理系统（本币CSTP）
PUB-RMBTS-I-0089	核心交易体系	指令数据	报价信息	点击成交报价	现券买卖关联机构做市报价--资产支持证券	单向：Out-Only	公有服务		资产支持证券市场-关联机构做市报价	RMBTS-CSTP-19-4	确认合并，本币发送给本币CSTP的资产支持证券关联机构做市报价服务合并至本币发送给本币CSTP的现券买卖关联机构做市报价			/	IMIX	本币交易系统	本币交易直通式处理系统（本币CSTP）
PRV-RMBTS-I-0005	核心交易体系	指令数据	报价信息	请求报价	现券买卖请求报价请求	双向：Out-In	私有服务	PRV-RMBCSTP-I-0001	现券买卖市场-本方RFQ报价请求	RMBTS-CSTP-4-2	/			54.0	IMIX	本币交易系统	本币交易直通式处理系统（本币CSTP）
PRV-RMBCSTP-I-0001	核心交易体系	指令数据	报价信息	请求报价	现券买卖请求报价响应	单向：Out-Only	私有服务	PRV-RMBTS-I-0005	现券买卖市场-本方RFQ报价回复	RMBTS-CSTP-4-3	/			54.0	IMIX	本币交易直通式处理系统（本币CSTP）	本币交易系统
PUB-RMBTS-I-0021	核心交易体系	指令数据	报价信息	双向报价	现券买卖双向报价	单向：Out-Only	公有服务		资产支持类证券市场-双向报价	RMBTS-CMDS-5-3	/			/	IMIX	本币交易系统	市场数据发布系统
PUB-ICAP-I-0014	核心交易体系	指令数据	报价信息	双向报价	现券买卖双向单价格单数量报价--货币经纪	单向：Out-Only	公有服务		债券台－现券买卖双向单价格单数量报价	ICAP-BMS-12	/			/	IMIX	国际货币经纪公司ICAP	市场基准参考系统
PUB-ICAP-I-0015	核心交易体系	指令数据	报价信息	双向报价	现券买卖双向双价格单数量报价--货币经纪	单向：Out-Only	公有服务		债券台－现券买卖双向双价格单数量报价	ICAP-BMS-13	/			/	IMIX	国际货币经纪公司ICAP	市场基准参考系统
PUB-RMBTS-I-0016	核心交易体系	指令数据	报价信息	限价报价	现券买卖限价报价	单向：Out-Only	公有服务		现券买卖市场-限价报价	RMBTS-CMDS-4-4	/			/	IMIX	本币交易系统	市场数据发布系统
PRV-RMBTS-I-0008	核心交易体系	指令数据	报价信息	限价报价	现券买卖限价报价请求--结算代理模块	双向：Out-In	私有服务	PRV-RMBSCM-I-0007	发送现券限价报价	RMBTS-RMBSCM-5-1	/			4.0	IMIX	本币交易系统	结算代理模块
PRV-RMBSCM-I-0007	核心交易体系	指令数据	报价信息	限价报价	现券买卖限价报价响应--结算代理模块	单向：Out-Only	私有服务	PRV-RMBTS-I-0008	接收现券限价报价响应	RMBTS-RMBSCM-5-2	/			4.0	IMIX	结算代理模块	本币交易系统
PUB-RMBTS-I-0023	核心交易体系	指令数据	报价信息	限价报价	现券买卖限价报价--资产支持证券	单向：Out-Only	公有服务		资产支持类证券市场-限价报价	RMBTS-CMDS-5-5	确认合并，本币发送给市场数据发布系统的资产支持证券限价报价服务合并至本币发送给数据发布系统的现券买卖限价报价			/	IMIX	本币交易系统	市场数据发布系统
PUB-RMBTS-I-0012	核心交易体系	指令数据	报价信息	意向报价	现券买卖意向报价	单向：Out-Only	公有服务		现券买卖市场-意向报价	RMBTS-CMDS-4-1	/			/	IMIX	本币交易系统	市场数据发布系统
PRV-RMBTS-I-0004	核心交易体系	指令数据	报价信息	意向报价	现券买卖意向报价请求--结算代理模块	双向：Out-In	私有服务	PRV-RMBSCM-I-0004	发送现券意向报价	RMBTS-RMBSCM-2-1	/			5.0	IMIX	本币交易系统	结算代理模块
PRV-RMBSCM-I-0004	核心交易体系	指令数据	报价信息	意向报价	现券买卖意向报价响应--结算代理模块	单向：Out-Only	私有服务	PRV-RMBTS-I-0004	接收现券意向报价响应	RMBTS-RMBSCM-2-2	/			5.0	IMIX	结算代理模块	本币交易系统
PUB-RMBTS-I-0018	核心交易体系	指令数据	报价信息	意向报价	现券买卖意向报价--资产支持证券	单向：Out-Only	公有服务		资产支持类证券市场-意向报价	RMBTS-CMDS-5-1	确认合并，本币发送给市场数据发布系统的资产支持证券意向报价服务合并至本币发送给数据发布系统的现券买卖意向报价			/	IMIX	本币交易系统	市场数据发布系统
PUB-RMBTS-I-0015	核心交易体系	指令数据	报价信息	点击成交报价	现券买卖做市报价	单向：Out-Only	公有服务		现券买卖市场-做市报价	RMBTS-CMDS-4-3	/			/	IMIX	本币交易系统	市场数据发布系统
PUB-RMBTS-I-0022	核心交易体系	指令数据	报价信息	点击成交报价	现券买卖做市报价--资产支持证券	单向：Out-Only	公有服务		资产支持类证券市场-做市报价	RMBTS-CMDS-5-4	确认合并，本币发送给市场数据发布系统的资产支持证券做市报价服务合并至本币发送给数据发布系统的现券买卖做市报价			/	IMIX	本币交易系统	市场数据发布系统
PUB-RMBTS-I-0003	核心交易体系	指令数据	报价信息	对话报价	信用拆借对话报价	单向：Out-Only	公有服务		信用拆借市场-本方对话报价	RMBTS-CSTP-1-2	/			/	IMIX	本币交易系统	本币交易直通式处理系统（本币CSTP）
PUB-RMBTS-I-0069	核心交易体系	指令数据	报价信息	对话报价	信用拆借关联机构对话报价	单向：Out-Only	公有服务		信用拆借市场-关联机构对话报价	RMBTS-CSTP-15-2	/			/	IMIX	本币交易系统	本币交易直通式处理系统（本币CSTP）
PUB-RMBTS-I-0070	核心交易体系	指令数据	报价信息	双向报价	信用拆借关联机构双向报价	单向：Out-Only	公有服务		信用拆借市场-关联机构双向报价	RMBTS-CSTP-15-3	/			/	IMIX	本币交易系统	本币交易直通式处理系统（本币CSTP）
PUB-RMBTS-I-0068	核心交易体系	指令数据	报价信息	意向报价	信用拆借关联机构意向报价	单向：Out-Only	公有服务		信用拆借市场-关联机构意向报价	RMBTS-CSTP-15-1	/			/	IMIX	本币交易系统	本币交易直通式处理系统（本币CSTP）
PUB-RMBTS-I-0002	核心交易体系	指令数据	报价信息	双向报价	信用拆借双向报价	单向：Out-Only	公有服务		信用拆借市场-双向报价	RMBTS-CMDS-1-2	/			/	IMIX	本币交易系统	市场数据发布系统
PUB-RMBTS-I-0001	核心交易体系	指令数据	报价信息	意向报价	信用拆借意向报价	单向：Out-Only	公有服务		信用拆借市场-意向报价	RMBTS-CMDS-1-1	/			/	IMIX	本币交易系统	市场数据发布系统
PUB-RMBTS-I-0114	核心交易体系	指令数据	报价信息	对话报价	信用缓释凭证关联机构对话报价	单向：Out-Only	公有服务		信用缓释凭证市场-关联机构对话报价	RMBTS-CSTP-24-2	/			/	IMIX	本币交易系统	本币交易直通式处理系统（本币CSTP）
PUB-RMBTS-I-0113	核心交易体系	指令数据	报价信息	意向报价	信用缓释凭证关联机构意向报价	单向：Out-Only	公有服务		信用缓释凭证市场-关联机构意向报价	RMBTS-CSTP-24-1	/			/	IMIX	本币交易系统	本币交易直通式处理系统（本币CSTP）
PUB-RMBTS-I-0050	核心交易体系	指令数据	报价信息	对话报价	信用缓释凭证市场对话报价	单向：Out-Only	公有服务		信用缓释凭证市场-本方对话报价	RMBTS-CSTP-10-2	/			/	IMIX	本币交易系统	本币交易直通式处理系统（本币CSTP）
PUB-RMBTS-I-0049	核心交易体系	指令数据	报价信息	意向报价	信用缓释凭证市场意向报价	单向：Out-Only	公有服务		信用缓释凭证市场-本方意向报价	RMBTS-CSTP-10-1	/			/	IMIX	本币交易系统	本币交易直通式处理系统（本币CSTP）
PUB-RMBTS-I-0063	核心交易体系	指令数据	报价信息	点击成交报价	预发行市场点击成交报价	单向：Out-Only	公有服务		预发行市场-点击成交报价	RMBTS-CMDS-11-1	/			/	IMIX	本币交易系统	市场数据发布系统
PUB-RMBTS-I-0064	核心交易体系	指令数据	报价信息	对话报价	预发行市场对话报价	单向：Out-Only	公有服务		预发行市场-本方对话报价	RMBTS-CSTP-11-4	/			/	IMIX	本币交易系统	本币交易直通式处理系统（本币CSTP）
PUB-RMBTS-I-0117	核心交易体系	指令数据	报价信息	点击成交报价	预发行市场关联机构点击成交报价	单向：Out-Only	公有服务		预发行市场-关联机构点击成交报价	RMBTS-CSTP-25-5	/			/	IMIX	本币交易系统	本币交易直通式处理系统（本币CSTP）
PUB-RMBTS-I-0118	核心交易体系	指令数据	报价信息	对话报价	预发行市场关联机构对话报价	单向：Out-Only	公有服务		预发行市场-关联机构对话报价	RMBTS-CSTP-25-4	/			/	IMIX	本币交易系统	本币交易直通式处理系统（本币CSTP）
PRV-RMBTS-I-0011	核心交易体系	指令数据	报价信息	请求报价	预发行市场关联机构请求报价请求	单向：Out-Only	私有服务	PRV-RMBCSTP-I-0004	预发行市场-RFQ报价请求（关联机构）	RMBTS-CSTP-25-2	/			55.0	IMIX	本币交易系统	本币交易直通式处理系统（本币CSTP）
PRV-RMBCSTP-I-0004	核心交易体系	指令数据	报价信息	请求报价	预发行市场关联机构请求报价响应	双向：In-Out	私有服务	PRV-RMBTS-I-0011	预发行市场-RFQ报价 （关联机构）	RMBTS-CSTP-25-3	/			55.0	IMIX	本币交易直通式处理系统（本币CSTP）	本币交易系统
PUB-RMBTS-I-0119	核心交易体系	指令数据	报价信息	限价报价	预发行市场关联机构限价报价	单向：Out-Only	公有服务		预发行市场-关联机构限价报价	RMBTS-CSTP-25-6	/			/	IMIX	本币交易系统	本币交易直通式处理系统（本币CSTP）
PUB-RMBTS-I-0116	核心交易体系	指令数据	报价信息	意向报价	预发行市场关联机构意向报价	单向：Out-Only	公有服务		预发行市场-关联机构意向报价	RMBTS-CSTP-25-1	/			/	IMIX	本币交易系统	本币交易直通式处理系统（本币CSTP）
PRV-RMBTS-I-0009	核心交易体系	指令数据	报价信息	请求报价	预发行市场请求报价请求	单向：Out-Only	私有服务	PRV-RMBCSTP-I-0002	预发行市场-RFQ报价请求	RMBTS-CSTP-11-2	/			56.0	IMIX	本币交易系统	本币交易直通式处理系统（本币CSTP）
PRV-RMBCSTP-I-0002	核心交易体系	指令数据	报价信息	请求报价	预发行市场请求报价响应	双向：In-Out	私有服务	PRV-RMBTS-I-0009	预发行市场-RFQ报价 	RMBTS-CSTP-11-3	/			56.0	IMIX	本币交易直通式处理系统（本币CSTP）	本币交易系统
PUB-RMBTS-I-0065	核心交易体系	指令数据	报价信息	限价报价	预发行市场限价报价	单向：Out-Only	公有服务		预发行市场-本方限价报价	RMBTS-CSTP-11-6	/			/	IMIX	本币交易系统	本币交易直通式处理系统（本币CSTP）
PUB-RMBTS-I-0062	核心交易体系	指令数据	报价信息	意向报价	预发行市场意向报价	单向：Out-Only	公有服务		预发行市场-本方意向报价	RMBTS-CSTP-11-1	/			/	IMIX	本币交易系统	本币交易直通式处理系统（本币CSTP）
PUB-RMBTS-I-0046	核心交易体系	指令数据	报价信息	点击成交报价	远期利率协议点击成交报价	单向：Out-Only	公有服务		远期利率协议市场-一次点击成交确认报价	RMBTS-CMDS-9-2	/			/	IMIX	本币交易系统	市场数据发布系统
PUB-RMBTS-I-0045	核心交易体系	指令数据	报价信息	对话报价	远期利率协议对话报价	单向：Out-Only	公有服务		远期利率协议市场-本方对话报价	RMBTS-CSTP-9-2	/			/	IMIX	本币交易系统	本币交易直通式处理系统（本币CSTP）
PUB-RMBTS-I-0110	核心交易体系	指令数据	报价信息	点击成交报价	远期利率协议关联机构点击成交报价	单向：Out-Only	公有服务		远期利率协议市场-关联机构点击成交报价	RMBTS-CSTP-23-3	/			/	IMIX	本币交易系统	本币交易直通式处理系统（本币CSTP）
PUB-RMBTS-I-0109	核心交易体系	指令数据	报价信息	对话报价	远期利率协议关联机构对话报价	单向：Out-Only	公有服务		远期利率协议市场-关联机构对话报价	RMBTS-CSTP-23-2	/			/	IMIX	本币交易系统	本币交易直通式处理系统（本币CSTP）
PUB-RMBTS-I-0111	核心交易体系	指令数据	报价信息	双向报价	远期利率协议关联机构双向报价	单向：Out-Only	公有服务		远期利率协议市场-关联机构双向报价	RMBTS-CSTP-23-4	/			/	IMIX	本币交易系统	本币交易直通式处理系统（本币CSTP）
PUB-RMBTS-I-0108	核心交易体系	指令数据	报价信息	意向报价	远期利率协议关联机构意向报价	单向：Out-Only	公有服务		远期利率协议市场-关联机构意向报价	RMBTS-CSTP-23-1	/			/	IMIX	本币交易系统	本币交易直通式处理系统（本币CSTP）
PUB-RMBTS-I-0047	核心交易体系	指令数据	报价信息	双向报价	远期利率协议双向报价	单向：Out-Only	公有服务		远期利率协议市场-双向报价	RMBTS-CMDS-9-3	/			/	IMIX	本币交易系统	市场数据发布系统
PUB-RMBTS-I-0044	核心交易体系	指令数据	报价信息	意向报价	远期利率协议意向报价	单向：Out-Only	公有服务		远期利率协议市场-意向报价	RMBTS-CMDS-9-1	/			/	IMIX	本币交易系统	市场数据发布系统
PUB-RMBTS-I-0042	核心交易体系	指令数据	报价信息	对话报价	债券借贷对话报价	单向：Out-Only	公有服务		债券借贷市场-本方对话报价	RMBTS-CSTP-8-2	/			/	IMIX	本币交易系统	本币交易直通式处理系统（本币CSTP）
PUB-RMBTS-I-0106	核心交易体系	指令数据	报价信息	对话报价	债券借贷关联机构对话报价	单向：Out-Only	公有服务		债券借贷市场-关联机构对话报价	RMBTS-CSTP-22-2	/			/	IMIX	本币交易系统	本币交易直通式处理系统（本币CSTP）
PUB-RMBTS-I-0105	核心交易体系	指令数据	报价信息	意向报价	债券借贷关联机构意向报价	单向：Out-Only	公有服务		债券借贷市场-关联机构意向报价	RMBTS-CSTP-22-1	/			/	IMIX	本币交易系统	本币交易直通式处理系统（本币CSTP）
PUB-RMBTS-I-0041	核心交易体系	指令数据	报价信息	意向报价	债券借贷意向报价	单向：Out-Only	公有服务		债券借贷市场-意向报价	RMBTS-CMDS-8-1	/			/	IMIX	本币交易系统	市场数据发布系统
PUB-RMBTS-I-0026	核心交易体系	指令数据	报价信息	对话报价	债券远期对话报价	单向：Out-Only	公有服务		债券远期市场-本方对话报价	RMBTS-CSTP-6-2	/			/	IMIX	本币交易系统	本币交易直通式处理系统（本币CSTP）
PUB-RMBTS-I-0093	核心交易体系	指令数据	报价信息	对话报价	债券远期关联机构对话报价	单向：Out-Only	公有服务		债券远期市场-关联机构对话报价	RMBTS-CSTP-20-2	/			/	IMIX	本币交易系统	本币交易直通式处理系统（本币CSTP）
PUB-RMBTS-I-0092	核心交易体系	指令数据	报价信息	意向报价	债券远期关联机构意向报价	单向：Out-Only	公有服务		债券远期市场-关联机构意向报价	RMBTS-CSTP-20-1	/			/	IMIX	本币交易系统	本币交易直通式处理系统（本币CSTP）
PUB-RMBTS-I-0025	核心交易体系	指令数据	报价信息	意向报价	债券远期意向报价	单向：Out-Only	公有服务		债券远期市场-意向报价	RMBTS-CMDS-6-1	/			/	IMIX	本币交易系统	市场数据发布系统
PUB-RMBTS-I-0006	核心交易体系	指令数据	报价信息	对话报价	质押式回购对话报价	单向：Out-Only	公有服务		质押式回购市场-本方对话报价	RMBTS-CSTP-2-2	/			/	IMIX	本币交易系统	本币交易直通式处理系统（本币CSTP）
PRV-RMBTS-I-0002	核心交易体系	指令数据	报价信息	对话报价	质押式回购对话报价请求--结算代理模块	双向：Out-In	私有服务	PRV-RMBSCM-I-0002	发送质押式回购对话报价	RMBTS-RMBSCM-7-1	/			6.0	IMIX	本币交易系统	结算代理模块
PRV-RMBSCM-I-0002	核心交易体系	指令数据	报价信息	对话报价	质押式回购对话报价响应--结算代理模块	单向：Out-Only	私有服务	PRV-RMBTS-I-0002	接收质押式回购对话报价响应	RMBTS-RMBSCM-7-2	/			6.0	IMIX	结算代理模块	本币交易系统
PUB-RMBTS-I-0073	核心交易体系	指令数据	报价信息	对话报价	质押式回购关联机构对话报价	单向：Out-Only	公有服务		质押式回购市场-关联机构对话报价	RMBTS-CSTP-16-2	/			/	IMIX	本币交易系统	本币交易直通式处理系统（本币CSTP）
PUB-RMBTS-I-0074	核心交易体系	指令数据	报价信息	双向报价	质押式回购关联机构双向报价	单向：Out-Only	公有服务		质押式回购市场-关联机构双向报价	RMBTS-CSTP-16-3	/			/	IMIX	本币交易系统	本币交易直通式处理系统（本币CSTP）
PUB-RMBTS-I-0072	核心交易体系	指令数据	报价信息	意向报价	质押式回购关联机构意向报价	单向：Out-Only	公有服务		质押式回购市场-关联机构意向报价	RMBTS-CSTP-16-1	/			/	IMIX	本币交易系统	本币交易直通式处理系统（本币CSTP）
PUB-RMBTS-I-0007	核心交易体系	指令数据	报价信息	双向报价	质押式回购双向报价	单向：Out-Only	公有服务		质押式回购市场-双向报价	RMBTS-CMDS-2-2	/			/	IMIX	本币交易系统	市场数据发布系统
PRV-RMBTS-I-0003	核心交易体系	指令数据	报价信息	双向报价	质押式回购双向报价请求--结算代理模块	双向：Out-In	私有服务	PRV-RMBSCM-I-0003	发送质押式回购双向报价	RMBTS-RMBSCM-8-1	/			7.0	IMIX	本币交易系统	结算代理模块
PRV-RMBSCM-I-0003	核心交易体系	指令数据	报价信息	双向报价	质押式回购双向报价响应--结算代理模块	单向：Out-Only	私有服务	PRV-RMBTS-I-0003	接收质押式回购双向报价响应	RMBTS-RMBSCM-8-2	/			7.0	IMIX	结算代理模块	本币交易系统
PUB-RMBTS-I-0005	核心交易体系	指令数据	报价信息	意向报价	质押式回购意向报价	单向：Out-Only	公有服务		质押式回购市场-意向报价	RMBTS-CMDS-2-1	/			/	IMIX	本币交易系统	市场数据发布系统
PRV-RMBTS-I-0001	核心交易体系	指令数据	报价信息	意向报价	质押式回购意向报价请求--结算代理模块	双向：Out-In	私有服务	PRV-RMBSCM-I-0001	发送质押式回购意向报价	RMBTS-RMBSCM-6-1	/			8.0	IMIX	本币交易系统	结算代理模块
PRV-RMBSCM-I-0001	核心交易体系	指令数据	报价信息	意向报价	质押式回购意向报价响应--结算代理模块	单向：Out-Only	私有服务	PRV-RMBTS-I-0001	接收质押式回购意向报价响应	RMBTS-RMBSCM-6-2	/			8.0	IMIX	结算代理模块	本币交易系统
PUB-RMBTS-I-0067	核心交易体系	指令数据	报价信息	点击成交报价	做市券种最优双边报价	单向：Out-Only	公有服务		做市券种最优双边报价数据	RMBTS-RMBMSS-9	/			/	IMIX	本币交易系统	本币监测系统
PUB-RMBTS-I-0061	核心交易体系	成交数据	成交信息	ETF	ETF基金买卖成交	单向：Out-Only	公有服务		ETF市场-成交	RMBTS-CMDS-10-6	/			/	IMIX	本币交易系统	市场数据发布系统
PUB-RMBTS-I-0158	核心交易体系	成交数据	成交信息	指令成交	本币成交结果--北金所执行报告	单向：Out-Only	私有服务		成交结果（执行报告）	RMBTS-CFAT-4-2   	/			57.0	IMIX	本币交易系统	北金所
PUB-RMBTS-I-0157	核心交易体系	成交数据	成交信息	指令成交	本币成交意向--北金所承诺指令	单向：Out-Only	私有服务		承诺指令（订单）	RMBTS-CFAT-4-1	/			57.0	IMIX	北金所	本币交易系统
PRV-BMS-I-0001	核心交易体系	成交数据	成交信息	成交查询	本币质押式回购成交信息查询请求--有效成交	单向：Out-Only	私有服务	PRV-RMBTS-I-0014	质押式回购有效成交记录数请求	BMS-RMBTS-1	/			58.0	IMIX	市场基准参考系统	本币交易系统
PRV-RMBTS-I-0014	核心交易体系	成交数据	成交信息	成交查询	本币质押式回购成交信息查询响应--有效成交	双向：In-Out	私有服务	PRI-BMS-I-0001	质押式回购有效成交记录数响应信息	RMBTS-BMS-4	/			58.0	IMIX	本币交易系统	市场基准参考系统
PUB-XTRADE-I-0001	核心交易体系	成交数据	成交信息	标准产品	标准利率互换成交明细--本币	单向：Out-Only	公有服务		成交数据	XTRADE-RMBTS-IRS-11	Xtrade给本币、交易后、本币CSTP系统的标准利率互换成交明细服务合并			/	IMIX	标准金融资产及衍生品交易系统	本币交易系统
PUB-XTRADE-I-0006	核心交易体系	成交数据	成交信息	标准产品	标准利率互换成交明细--交易后	单向：Out-Only	公有服务		接口组-成交明细（交易后）	XTRADE-PTPS-SIRS-11	Xtrade给本币、交易后、本币CSTP系统的标准利率互换成交明细服务合并			/	IMIX	标准金融资产及衍生品交易系统	交易后处理系统
PUB-XTRADE-I-0011	核心交易体系	成交数据	成交信息	标准产品	标准债券远期成交明细--本币CSTP	单向：Out-Only	公有服务		接口组-标准债券远期成交明细（RMBCSTP）	XTRADE-RMBCSTP-SBF-11	Xtrade给本币、交易后、本币CSTP系统的标准利率互换成交明细服务合并			/	IMIX	标准金融资产及衍生品交易系统	本币交易直通式处理系统（本币CSTP）
PUB-RMBTS-I-0038	核心交易体系	成交数据	成交信息	利率衍生品	利率互换(浮动)浮动成交	单向：Out-Only	公有服务		利率互换市场-（浮动）浮动成交	RMBTS-CMDS-7-8	本币发给本币检测、市场数据发布系统的利率互换基准互换服务合并			/	IMIX	本币交易系统	市场数据发布系统
PUB-RMBTS-I-0039	核心交易体系	成交数据	成交信息	利率衍生品	利率互换(浮动)浮动成交	单向：Out-Only	公有服务		利率互换基准成交数据	RMBTS-RMBMSS-16	本币发给本币检测、市场数据发布系统的利率互换基准互换服务合并			/	IMIX	本币交易系统	本币监测系统
PUB-RMBTS-I-0037	核心交易体系	成交数据	成交信息	利率衍生品	利率互换(固定)浮动成交	单向：Out-Only	公有服务		利率互换市场-（固定）浮动成交	RMBTS-CMDS-7-7	本币发给上清所、市场数据发布系统的利率互换固浮互换服务合并			/	IMIX	本币交易系统	市场数据发布系统
PUB-RMBTS-I-0150	核心交易体系	成交数据	成交信息	利率衍生品	利率互换(固定)浮动成交	单向：Out-Only	公有服务		IRS净额清算-IRS成交业务要素	RMBTS-SHCH-16	本币发给上清所、市场数据发布系统的利率互换固浮互换服务合并			/	IMIX	本币交易系统	上海清算所
PUB-RMBTS-I-0104	核心交易体系	成交数据	成交信息	利率衍生品	利率互换关联机构(浮动)浮动成交	单向：Out-Only	公有服务		利率互换市场-关联机构（浮动）浮动成交 	RMBTS-CSTP-21-10	/			/	IMIX	本币交易系统	本币交易直通式处理系统（本币CSTP）
PUB-RMBTS-I-0103	核心交易体系	成交数据	成交信息	利率衍生品	利率互换关联机构(固定)浮动成交	单向：Out-Only	公有服务		利率互换市场-关联机构（固定）浮动成交 	RMBTS-CSTP-21-9	/			/	IMIX	本币交易系统	本币交易直通式处理系统（本币CSTP）
PUB-RMBTS-I-0053	核心交易体系	成交数据	成交信息	利率衍生品	利率互换期权成交	单向：Out-Only	公有服务		利率互换期权市场-本方成交	RMBTS-CSTP-13-2	/			/	IMIX	本币交易系统	本币交易直通式处理系统（本币CSTP）
PUB-RMBTS-I-0122	核心交易体系	成交数据	成交信息	利率衍生品	利率互换期权关联机构成交	单向：Out-Only	公有服务		利率互换期权市场-关联机构成交	RMBTS-CSTP-27-2	/			/	IMIX	本币交易系统	本币交易直通式处理系统（本币CSTP）
PUB-RMBTS-I-0055	核心交易体系	成交数据	成交信息	利率衍生品	利率上限/下限期权成交	单向：Out-Only	公有服务		利率上限/下限期权市场-本方成交	RMBTS-CSTP-14-2	/			/	IMIX	本币交易系统	本币交易直通式处理系统（本币CSTP）
PUB-RMBTS-I-0124	核心交易体系	成交数据	成交信息	利率衍生品	利率上限/下限期权关联机构成交	单向：Out-Only	公有服务		利率上限/下限期权市场-关联机构成交	RMBTS-CSTP-28-2	/			/	IMIX	本币交易系统	市场数据发布系统
PUB-RMBTS-I-0011	核心交易体系	成交数据	成交信息	买断式回购	买断式回购成交	单向：Out-Only	公有服务		买断式回购市场-成交	RMBTS-CMDS-3-2	/			/	IMIX	本币交易系统	市场数据发布系统
PRV-SHCH-I-0004	核心交易体系	成交数据	成交信息	买断式回购	买断式回购成交反馈--清算所超短期融资券	单向：Out-Only	私有服务	PRV-RMBTS-I-0023	超短期融资券成交-买断式回购成交反馈	RMBTS-SHCH-4-2	/			12.0	IMIX	上海清算所	本币交易系统
PRV-SHCH-I-0009	核心交易体系	成交数据	成交信息	买断式回购	买断式回购成交反馈--清算所短期融资券	单向：Out-Only	私有服务	PRV-RMBTS-I-0028	清算所托管短期融资券成交-买断式回购成交反馈	RMBTS-SHCH-9-2	/			11.0	IMIX	上海清算所	本币交易系统
PRV-RMBTS-I-0023	核心交易体系	成交数据	成交信息	买断式回购	买断式回购成交--清算所超短期融资券	双向：Out-In	私有服务	PRV-SHCH-I-0004	超短期融资券成交-买断式回购成交	RMBTS-SHCH-4-1	/			12.0	IMIX	本币交易系统	上海清算所
PRV-RMBTS-I-0028	核心交易体系	成交数据	成交信息	买断式回购	买断式回购成交--清算所短期融资券	双向：Out-In	私有服务	PRV-SHCH-I-0009	清算所托管短期融资券成交-买断式回购成交	RMBTS-SHCH-9-1	/			11.0	IMIX	本币交易系统	上海清算所
PUB-RMBTS-I-0078	核心交易体系	成交数据	成交信息	买断式回购	买断式回购关联机构成交	单向：Out-Only	公有服务		买断式回购市场-关联机构成交	RMBTS-CSTP-17-3	/			/	IMIX	本币交易系统	本币交易直通式处理系统（本币CSTP）
PUB-FXTS-I-0014	核心交易体系	成交数据	成交信息	外汇市场	人民币外汇市场成交	单向：Out-Only	公有服务		结售汇竞价	FXTS-SHCH-6	/			/	IMIX	外汇交易系统	上海清算所
PRV-SHCH-I-0015	核心交易体系	成交数据	成交信息	同业存单	同业存单成交反馈--清算所	单向：Out-Only	私有服务	PRV-RMBTS-I-0034	同业存单成交反馈	RMBTS-SHCH-15-2	/			13.0	IMIX	上海清算所	本币交易系统
PRV-RMBTS-I-0034	核心交易体系	成交数据	成交信息	同业存单	同业存单成交--清算所	双向：Out-In	私有服务	PRV-SHCH-I-0015	同业存单成交	RMBTS-SHCH-15-1	/			13.0	IMIX	本币交易系统	上海清算所
PUB-FXTS-I-0015	核心交易体系	成交数据	成交信息	外汇市场	外币对市场成交	单向：Out-Only	公有服务		外币对竞价	FXTS-SHCH-7	/			/	IMIX	外汇交易系统	上海清算所
PRV-PTPS-I-0004	核心交易体系	成交数据	成交信息	外汇市场	外汇成交反馈--交易后	单向：Out-Only	私有服务	PRV-FXTS-I-0001	成交确认	FXTS-PTPS-1-R	/			/	IMIX	交易后处理系统	外汇交易系统
PRV-PTPS-I-0007	核心交易体系	成交数据	成交信息	成交查询	外汇成交信息查询请求--按日期	单向：Out-Only	私有服务	PRV-FXTS-I-0008	按日期查询-查询请求	FXTS-PTPS-4-1	/			59.0	IMIX	交易后处理系统	外汇交易系统
PRV-FXTSCSTP-I-0002	核心交易体系	成交数据	成交信息	成交查询	外汇成交信息查询请求--按日期	单向：Out-Only	私有服务	PRV-FXTS-I-0008	按日期查询-查询请求	FXTS-FXCSTP-2-1	/			/	IMIX	外汇交易直通式处理系统（外汇CSTP）	外汇交易系统
PRV-FXTSCSTP-I-0001	核心交易体系	成交数据	成交信息	成交查询	外汇成交信息查询请求--单笔成交	单向：Out-Only	私有服务	PRV-FXTS-I-0007	按成交编号查询-查询请求	FXTS-FXCSTP-3-1	/			60.0	IMIX	外汇交易直通式处理系统（外汇CSTP）	外汇交易系统
PRV-PTPS-I-0006	核心交易体系	成交数据	成交信息	成交查询	外汇成交信息查询请求--单笔成交	单向：Out-Only	私有服务	PRV-FXTS-I-0006	单笔成交查询-查询请求	FXTS-PTPS-3-1	/			61.0	IMIX	交易后处理系统	外汇交易系统
PRV-PTPS-I-0005	核心交易体系	成交数据	成交信息	成交查询	外汇成交信息查询请求--有效成交	单向：Out-Only	私有服务	PRV-FXTS-I-0005	有效成交查询-查询请求	FXTS-PTPS-2-1	/			62.0	IMIX	交易后处理系统	外汇交易系统
PRV-FXTS-I-0008	核心交易体系	成交数据	成交信息	成交查询	外汇成交信息查询响应--按日期	双向：In-Out	私有服务	PRV-PTPS-I-0007	按日期查询-查询请求反馈	FXTS-PTPS-4-2	/			59.0	IMIX	外汇交易系统	交易后处理系统
PRV-FXTS-I-0007	核心交易体系	成交数据	成交信息	成交查询	外汇成交信息查询响应--单笔成交	双向：In-Out	私有服务	PRV-FXTSCSTP-I-0001	按成交编号查询-查询请求返回	FXTS-FXCSTP-3-2	/			60.0	IMIX	外汇交易系统	外汇交易直通式处理系统（外汇CSTP）
PRV-FXTS-I-0006	核心交易体系	成交数据	成交信息	成交查询	外汇成交信息查询响应--单笔成交	双向：In-Out	私有服务	PRV-PTPS-I-0006	单笔成交查询-查询请求返回	FXTS-PTPS-3-2	/			61.0	IMIX	外汇交易系统	交易后处理系统
PRV-FXTS-I-0005	核心交易体系	成交数据	成交信息	成交查询	外汇成交信息查询响应--有效成交	双向：In-Out	私有服务	PRV-PTPS-I-0005	有效成交查询-查询请求返回	FXTS-PTPS-2-2	/			62.0	IMIX	外汇交易系统	交易后处理系统
PUB-FXTS-I-0008	核心交易体系	成交数据	成交信息	外汇市场	外汇掉期成交	单向：Out-Only	公有服务		外汇掉期成交	FXTS-BMS-2	外汇发给上清所、基准系统的外汇掉期成交服务合并			/	IMIX	外汇交易系统	市场基准参考系统
PUB-CSWAP-I-0001	核心交易体系	成交数据	成交信息	标准产品	外汇掉期成交--CSWAP	单向：Out-Only	公有服务		CSWAP成交明细	CSWAP-FXTS-5	/			/	IMIX	标准化外汇产品交易系统	外汇交易系统
PUB-FXTS-I-0018	核心交易体系	成交数据	成交信息	外汇市场	外汇掉期成交--黄金询价交易	单向：Out-Only	公有服务		黄金询价掉期交易	FXTS-SGE-3	/			/	IMIX	外汇交易系统	上海黄金交易所
PRV-FXTS-I-0003	核心交易体系	成交数据	成交信息	外汇市场	外汇掉期成交--交易后	双向：Out-In	私有服务	PRV-PTPS-I-0004	成交数据-掉期	FXTS-PTPS-1-2	/			/	IMIX	外汇交易系统	交易后处理系统
PUB-FXTS-I-0013	核心交易体系	成交数据	成交信息	外汇市场	外汇掉期成交--完成交易确认	单向：Out-Only	公有服务		日终批量发送完成交易确认的成交数据-掉期净额交易数据	FXTS-SHCH-1-2	外汇发给上清所、基准系统的外汇掉期成交服务合并			/	IMIX	外汇交易系统	上海清算所
PUB-FXTS-I-0011	核心交易体系	成交数据	成交信息	外汇市场	外汇货币掉期成交	单向：Out-Only	公有服务		返回成交数据-货币互换市场	FXTS-CMDS-1-7	/			/	IMIX	外汇交易系统	市场数据发布系统
PUB-FXTS-I-0010	核心交易体系	成交数据	成交信息	外汇市场	外汇货币掉期成交--利率互换	单向：Out-Only	公有服务		返回成交数据-利率互换市场	FXTS-CMDS-1-6	/			/	IMIX	外汇交易系统	市场数据发布系统
PRV-FXTS-I-0001	核心交易体系	成交数据	成交信息	外汇市场	外汇即期/远期成交--交易后	双向：Out-In	私有服务	PRV-PTPS-I-0004	成交数据-即期/远期	FXTS-PTPS-1-1	外汇发送给交易后的即期成交、远期成交服务合并			/	IMIX	外汇交易系统	交易后处理系统
PRV-FXTS-I-0002	核心交易体系	成交数据	成交信息	外汇市场	外汇即期/远期成交--交易后	双向：Out-In	私有服务	PRV-PTPS-I-0004	成交数据-即期/远期	FXTS-PTPS-1-1	外汇发送给交易后的即期成交、远期成交服务合并			/	IMIX	外汇交易系统	交易后处理系统
PUB-FXTS-I-0012	核心交易体系	成交数据	成交信息	外汇市场	外汇即期/远期成交--完成交易确认	单向：Out-Only	公有服务		日终批量发送完成交易确认的成交数据-即期/远期净额交易数据	FXTS-SHCH-1-1	/			/	IMIX	外汇交易系统	上海清算所
PUB-FXTS-I-0006	核心交易体系	成交数据	成交信息	外汇市场	外汇即期成交	单向：Out-Only	公有服务		返回成交数据-即期市场	FXTS-CMDS-1-2	/			/	IMIX	外汇交易系统	市场数据发布系统
PUB-FXTS-I-0016	核心交易体系	成交数据	成交信息	外汇市场	外汇即期成交--黄金询价交易	单向：Out-Only	公有服务		黄金询价即期交易	FXTS-SGE-1	/			/	IMIX	外汇交易系统	上海黄金交易所
PRV-FXTS-I-0004	核心交易体系	成交数据	成交信息	外汇市场	外汇期权成交--交易后	双向：Out-In	私有服务	PRV-PTPS-I-0004	成交数据-外汇期权	FXTS-PTPS-1-3	/			/	IMIX	外汇交易系统	交易后处理系统
PUB-FXTS-I-0007	核心交易体系	成交数据	成交信息	外汇市场	外汇远期成交	单向：Out-Only	公有服务		外汇远期成交-成交数据	FXTS-BMS-1-2	/			/	IMIX	外汇交易系统	市场基准参考系统
PUB-FXTS-I-0009	核心交易体系	成交数据	成交信息	外汇市场	外汇远期成交--NDF	单向：Out-Only	公有服务		返回成交数据-NDF市场	FXTS-CMDS-1-5	/			/	IMIX	外汇交易系统	市场数据发布系统
PUB-FXTS-I-0017	核心交易体系	成交数据	成交信息	外汇市场	外汇远期成交--黄金询价交易	单向：Out-Only	公有服务		黄金询价远期交易	FXTS-SGE-2	/			/	IMIX	外汇交易系统	上海黄金交易所
PUB-RMBTS-I-0017	核心交易体系	成交数据	成交信息	现券买卖	现券买卖成交	单向：Out-Only	公有服务		现券买卖市场-成交	RMBTS-CMDS-4-5	/			/	IMIX	本币交易系统	市场数据发布系统
PRV-RMBTS-I-0074	核心交易体系	成交数据	成交信息	现券买卖	现券买卖成交--财政部做市支持	单向：Out-Only	私有服务	PRV-MMSSMF-I-0001	财政部国债做市支持系统发送给本币交易系统的现券成交	MMSSMF-RMBTS-1-R	/			63.0	IMIX	财政部做市支持系统	本币交易系统
PRV-MMSSMF-I-0001	核心交易体系	成交数据	成交信息	现券买卖	现券买卖成交--财政部做市支持反馈	单向：Out-Only	私有服务	PRV-RMBTS-I-0074	CDC发送给本币交易系统的现券买卖流通量	MMSSMF-RMBTS-1	/			63.0	IMIX	本币交易系统	财政部做市支持系统
PRV-CDC-I-0001	核心交易体系	成交数据	成交信息	现券买卖	现券买卖成交反馈--国债登	单向：Out-Only	私有服务	PRV-RMBTS-I-0015	CDC发送给本币交易系统的成交反馈	RMBTS-CDC-1-R	/			64.0	IMIX	中央国债登记结算公司	本币交易系统
PRV-SHCH-I-0002	核心交易体系	成交数据	成交信息	现券买卖	现券买卖成交反馈--清算所超短期融资券	单向：Out-Only	私有服务	PRV-RMBTS-I-0021	超短期融资券成交-现券成交反馈	RMBTS-SHCH-2-2	/			14.0	IMIX	上海清算所	本币交易系统
PRV-SHCH-I-0012	核心交易体系	成交数据	成交信息	现券买卖	现券买卖成交反馈--清算所定向工具                                                                         	单向：Out-Only	私有服务	PRV-RMBTS-I-0031	定向工具成交-现券市场成交反馈	RMBTS-SHCH-12-2	/			65.0	IMIX	上海清算所	本币交易系统
PRV-SHCH-I-0007	核心交易体系	成交数据	成交信息	现券买卖	现券买卖成交反馈--清算所短期融资券	单向：Out-Only	私有服务	PRV-RMBTS-I-0026	清算所托管短期融资券成交-现券成交反馈	RMBTS-SHCH-7-2	/			15.0	IMIX	上海清算所	本币交易系统
PRV-SHCH-I-0013	核心交易体系	成交数据	成交信息	现券买卖	现券买卖成交反馈--资产支持证券成交	单向：Out-Only	私有服务	PRV-RMBTS-I-0032	ABS成交-ABS资产支持证券成交反馈	RMBTS-SHCH-13-2	/			16.0	IMIX	上海清算所	本币交易系统
PRV-RMBTS-I-0015	核心交易体系	成交数据	成交信息	现券买卖	现券买卖成交--国债登	双向：Out-In	私有服务	PRV-CDC-I-0001	本币交易系统发送给CDC的成交明细-国债做市支持系统现券买卖	RMBTS-CDC-1-8	/			64.0	IMIX	本币交易系统	中央国债登记结算公司
PRV-RMBTS-I-0021	核心交易体系	成交数据	成交信息	现券买卖	现券买卖成交--清算所超短期融资券	双向：Out-In	私有服务	PRV-SHCH-I-0002	超短期融资券成交-现券成交	RMBTS-SHCH-2-1	/			14.0	IMIX	本币交易系统	上海清算所
PRV-RMBTS-I-0031	核心交易体系	成交数据	成交信息	现券买卖	现券买卖成交--清算所定向工具                                                                         	双向：Out-In	私有服务	PRV-SHCH-I-0012	定向工具成交-现券市场成交	RMBTS-SHCH-12-1	/			65.0	IMIX	本币交易系统	上海清算所
PRV-RMBTS-I-0026	核心交易体系	成交数据	成交信息	现券买卖	现券买卖成交--清算所短期融资券	双向：Out-In	私有服务	PRV-SHCH-I-0007	清算所托管短期融资券成交-现券成交	RMBTS-SHCH-7-1	/			15.0	IMIX	本币交易系统	上海清算所
PUB-RMBTS-I-0024	核心交易体系	成交数据	成交信息	现券买卖	现券买卖成交--资产支持证券	单向：Out-Only	公有服务		资产支持类证券市场-成交	RMBTS-CMDS-5-6	确认合并，本币发送给市场数据发布系统的资产支持证券成交服务合并至本币发送给数据发布系统的现券买卖成交			/	IMIX	本币交易系统	市场数据发布系统
PRV-RMBTS-I-0032	核心交易体系	成交数据	成交信息	现券买卖	现券买卖成交--资产支持证券	双向：Out-In	私有服务	PRV-SHCH-I-0013	ABS成交-ABS资产支持证券成交	RMBTS-SHCH-13-1	/			16.0	IMIX	本币交易系统	上海清算所
PUB-RMBTS-I-0084	核心交易体系	成交数据	成交信息	现券买卖	现券买卖关联机构成交	单向：Out-Only	公有服务		现券买卖市场-关联机构成交	RMBTS-CSTP-18-8	/			/	IMIX	本币交易系统	本币交易直通式处理系统（本币CSTP）
PUB-RMBTS-I-0091	核心交易体系	成交数据	成交信息	现券买卖	现券买卖关联机构成交--资产支持证券	单向：Out-Only	公有服务		资产支持证券市场-关联机构成交	RMBTS-CSTP-19-7	确认合并，本币发送给市场数据发布系统的资产支持证券关联机构成交服务合并至本币发送给数据发布系统的现券买卖关联机构成交			/	IMIX	本币交易系统	本币交易直通式处理系统（本币CSTP）
PUB-RMBTS-I-0004	核心交易体系	成交数据	成交信息	信用拆借	信用拆借成交	单向：Out-Only	公有服务		信用拆借市场-成交	RMBTS-CMDS-1-3	/			/	IMIX	本币交易系统	市场数据发布系统
PUB-RMBTS-I-0071	核心交易体系	成交数据	成交信息	信用拆借	信用拆借关联机构成交	单向：Out-Only	公有服务		信用拆借市场-关联机构成交	RMBTS-CSTP-15-4	/			/	IMIX	本币交易系统	本币交易直通式处理系统（本币CSTP）
PRV-SHCH-I-0001	核心交易体系	成交数据	成交信息	信用风险缓释凭证	信用风险缓释凭证成交反馈--清算所	单向：Out-Only	私有服务	PRV-RMBTS-I-0020	信用风险缓释凭证成交反馈	RMBTS-SHCH-1-2	/			17.0	IMIX	上海清算所	本币交易系统
PRV-RMBTS-I-0020	核心交易体系	成交数据	成交信息	信用风险缓释凭证	信用风险缓释凭证成交--清算所	双向：Out-In	私有服务	PRV-SHCH-I-0001	信用风险缓释凭证成交	RMBTS-SHCH-1-1	/			17.0	IMIX	本币交易系统	上海清算所
PUB-RMBTS-I-0051	核心交易体系	成交数据	成交信息	信用风险缓释凭证	信用缓释凭证成交	单向：Out-Only	公有服务		信用缓释凭证市场-本方成交	RMBTS-CSTP-10-3	/			/	IMIX	本币交易系统	本币交易直通式处理系统（本币CSTP）
PUB-RMBTS-I-0115	核心交易体系	成交数据	成交信息	信用风险缓释凭证	信用缓释凭证关联机构成交	单向：Out-Only	公有服务		信用缓释凭证市场-关联机构成交	RMBTS-CSTP-24-3	/			/	IMIX	本币交易系统	本币交易直通式处理系统（本币CSTP）
PUB-RMBTS-I-0066	核心交易体系	成交数据	成交信息	预发行	预发行市场成交	单向：Out-Only	公有服务		预发行市场-成交	RMBTS-CMDS-11-2	/			/	IMIX	本币交易系统	市场数据发布系统
PUB-RMBTS-I-0120	核心交易体系	成交数据	成交信息	预发行	预发行市场关联机构成交	单向：Out-Only	公有服务		预发行市场-关联机构成交	RMBTS-CSTP-25-7	/			/	IMIX	本币交易系统	本币交易直通式处理系统（本币CSTP）
PUB-RMBTS-I-0048	核心交易体系	成交数据	成交信息	利率衍生品	远期利率协议成交	单向：Out-Only	公有服务		远期利率协议市场-成交	RMBTS-CMDS-9-4	/			/	IMIX	本币交易系统	市场数据发布系统
PUB-RMBTS-I-0112	核心交易体系	成交数据	成交信息	利率衍生品	远期利率协议关联机构成交	单向：Out-Only	公有服务		远期利率协议市场-关联机构成交	RMBTS-CSTP-23-5	/			/	IMIX	本币交易系统	本币交易直通式处理系统（本币CSTP）
PUB-RMBTS-I-0043	核心交易体系	成交数据	成交信息	债券借贷	债券借贷成交	单向：Out-Only	公有服务		债券借贷市场-成交业务	RMBTS-CMDS-8-2	/			/	IMIX	本币交易系统	市场数据发布系统
PRV-SHCH-I-0006	核心交易体系	成交数据	成交信息	债券借贷	债券借贷成交反馈--清算所超短期融资券	单向：Out-Only	私有服务	PRV-RMBTS-I-0025	超短期融资券成交-债券借贷成交反馈	RMBTS-SHCH-6-2	/			18.0	IMIX	上海清算所	本币交易系统
PRV-SHCH-I-0011	核心交易体系	成交数据	成交信息	债券借贷	债券借贷成交反馈--清算所短期融资券	单向：Out-Only	私有服务	PRV-RMBTS-I-0030	清算所托管短期融资券成交-债券借贷成交反馈	RMBTS-SHCH-11-2	/			19.0	IMIX	上海清算所	本币交易系统
PRV-RMBTS-I-0025	核心交易体系	成交数据	成交信息	债券借贷	债券借贷成交--清算所超短期融资券	双向：Out-In	私有服务	PRV-SHCH-I-0006	超短期融资券成交-债券借贷成交	RMBTS-SHCH-6-1	/			18.0	IMIX	本币交易系统	上海清算所
PRV-RMBTS-I-0030	核心交易体系	成交数据	成交信息	债券借贷	债券借贷成交--清算所短期融资券	双向：Out-In	私有服务	PRV-SHCH-I-0011	清算所托管短期融资券成交-债券借贷成交	RMBTS-SHCH-11-1	/			19.0	IMIX	本币交易系统	上海清算所
PUB-RMBTS-I-0107	核心交易体系	成交数据	成交信息	债券借贷	债券借贷关联机构成交	单向：Out-Only	公有服务		债券借贷市场-关联机构成交	RMBTS-CSTP-22-3	/			/	IMIX	本币交易系统	本币交易直通式处理系统（本币CSTP）
PUB-RMBTS-I-0027	核心交易体系	成交数据	成交信息	债券远期	债券远期成交	单向：Out-Only	公有服务		债券远期市场-成交	RMBTS-CMDS-6-2	/			/	IMIX	本币交易系统	市场数据发布系统
PRV-SHCH-I-0005	核心交易体系	成交数据	成交信息	债券远期	债券远期成交反馈--清算所超短期融资券	单向：Out-Only	私有服务	PRV-RMBTS-I-0024	超短期融资券成交-债券远期成交反馈	RMBTS-SHCH-5-2	/			20.0	IMIX	上海清算所	本币交易系统
PRV-SHCH-I-0010	核心交易体系	成交数据	成交信息	债券远期	债券远期成交反馈--清算所短期融资券	单向：Out-Only	私有服务	PRV-RMBTS-I-0029	清算所托管短期融资券成交-债券远期成交反馈	RMBTS-SHCH-10-2	/			21.0	IMIX	上海清算所	本币交易系统
PRV-RMBTS-I-0024	核心交易体系	成交数据	成交信息	债券远期	债券远期成交--清算所超短期融资券	双向：Out-In	私有服务	PRV-SHCH-I-0005	超短期融资券成交-债券远期成交	RMBTS-SHCH-5-1	/			20.0	IMIX	本币交易系统	上海清算所
PRV-RMBTS-I-0029	核心交易体系	成交数据	成交信息	债券远期	债券远期成交--清算所短期融资券	双向：Out-In	私有服务	PRV-SHCH-I-0010	清算所托管短期融资券成交-债券远期成交	RMBTS-SHCH-10-1	/			21.0	IMIX	本币交易系统	上海清算所
PUB-RMBTS-I-0094	核心交易体系	成交数据	成交信息	债券远期	债券远期关联机构成交	单向：Out-Only	公有服务		债券远期市场-关联机构成交	RMBTS-CSTP-20-3	/			/	IMIX	本币交易系统	本币交易直通式处理系统（本币CSTP）
PUB-XTRADE-I-0016	核心交易体系	成交数据	成交信息	标准产品	质押匿名点击成交	单向：Out-Only	公有服务		质押匿名点击成交明细发往监测系统	XTRADE-RMBMSS-Repo-4-2	/			/	IMIX	标准金融资产及衍生品交易系统	本币监测系统
PRV-XTRADE-I-0011	核心交易体系	成交数据	成交信息	标准产品	质押匿名点击成交--本币	双向：Out-In	私有服务	PRV-RMBTS-I-0073	接口组-质押匿名点击成交请求交互（本币）	XTRADE-RMBTS-Repo-1	/			66.0	IMIX	标准金融资产及衍生品交易系统	本币交易系统
PUB-XTRADE-I-0017	核心交易体系	成交数据	成交信息	标准产品	质押匿名点击成交--撮合成交	单向：Out-Only	公有服务		质押匿名点击撮合成交明细发往监测系统	XTRADE-RMBMSS-Repo-4-1	/			/	IMIX	标准金融资产及衍生品交易系统	本币监测系统
PRV-RMBTS-I-0073	核心交易体系	成交数据	成交信息	标准产品	质押匿名点击成交反馈--本币	单向：Out-Only	私有服务	PRV-XTRADE-I-0011	接口组-质押匿名点击成交请求交互（本币）-反馈	XTRADE-RMBTS-Repo-1-R	/			66.0	IMIX	本币交易系统	标准金融资产及衍生品交易系统
PUB-RMBTS-I-0008	核心交易体系	成交数据	成交信息	质押式回购	质押式回购成交	单向：Out-Only	公有服务		质押式回购市场-成交	RMBTS-CMDS-2-3	/			/	IMIX	本币交易系统	市场数据发布系统
PRV-SHCH-I-0003	核心交易体系	成交数据	成交信息	质押式回购	质押式回购成交反馈--清算所超短期融资券	单向：Out-Only	私有服务	PRV-RMBTS-I-0022	超短期融资券成交-质押式回购成交反馈	RMBTS-SHCH-3-2	/			22.0	IMIX	上海清算所	本币交易系统
PRV-SHCH-I-0008	核心交易体系	成交数据	成交信息	质押式回购	质押式回购成交反馈--清算所短期融资券	单向：Out-Only	私有服务	PRV-RMBTS-I-0027	清算所托管短期融资券成交-质押式回购成交反馈	RMBTS-SHCH-8-2	/			23.0	IMIX	上海清算所	本币交易系统
PRV-SHCH-I-0014	核心交易体系	成交数据	成交信息	质押式回购	质押式回购成交反馈--清算所资产支持证券	单向：Out-Only	私有服务	PRV-RMBTS-I-0033	ABS成交-ABS质押式回购成交反馈	RMBTS-SHCH-14-2	/			24.0	IMIX	上海清算所	本币交易系统
PRV-RMBTS-I-0022	核心交易体系	成交数据	成交信息	质押式回购	质押式回购成交--清算所超短期融资券	双向：Out-In	私有服务	PRV-SHCH-I-0003	超短期融资券成交-质押式回购成交	RMBTS-SHCH-3-1	/			22.0	IMIX	本币交易系统	上海清算所
PRV-RMBTS-I-0027	核心交易体系	成交数据	成交信息	质押式回购	质押式回购成交--清算所短期融资券	双向：Out-In	私有服务	PRV-SHCH-I-0008	清算所托管短期融资券成交-质押式回购成交	RMBTS-SHCH-8-1	/			23.0	IMIX	本币交易系统	上海清算所
PRV-RMBTS-I-0033	核心交易体系	成交数据	成交信息	质押式回购	质押式回购成交--清算所资产支持证券	双向：Out-In	私有服务	PRV-SHCH-I-0014	ABS成交-ABS质押式回购成交	RMBTS-SHCH-14-1	/			24.0	IMIX	本币交易系统	上海清算所
PUB-RMBTS-I-0075	核心交易体系	成交数据	成交信息	质押式回购	质押式回购关联机构成交	单向：Out-Only	公有服务		质押式回购市场-关联机构成交	RMBTS-CSTP-16-4	/			/	IMIX	本币交易系统	本币交易直通式处理系统（本币CSTP）
PUB-RMBTS-I-0059	核心交易体系	指令数据	订单信息	/	ETF基金买卖订单排列	单向：Out-Only	公有服务		ETF市场-订单排列	RMBTS-CMDS-10-4	/			/	IMIX	本币交易系统	市场数据发布系统
PUB-RMBTS-I-0060	核心交易体系	指令数据	订单信息	/	ETF基金买卖价格排列	单向：Out-Only	公有服务		ETF市场-价格排列	RMBTS-CMDS-10-5	/			/	IMIX	本币交易系统	市场数据发布系统
PUB-RMBTS-I-0057	核心交易体系	指令数据	订单信息	/	ETF基金买卖竞价订单	单向：Out-Only	公有服务		ETF市场-竞价订单	RMBTS-CMDS-10-2	/			/	IMIX	本币交易系统	市场数据发布系统
PUB-RMBTS-I-0058	核心交易体系	指令数据	订单信息	/	ETF基金买卖实时订单	单向：Out-Only	公有服务		ETF市场-实时订单	RMBTS-CMDS-10-3	/			/	IMIX	本币交易系统	市场数据发布系统
PUB-RMBTS-I-0155	核心交易体系	指令数据	订单信息	/	本币做市报价--北金所要约指令	单向：Out-Only	私有服务		要约指令（做市报价）	RMBTS-CFAT-2	/			/	IMIX	本币交易系统	北金所
PUB-RMBTS-I-0156	核心交易体系	指令数据	订单信息	/	本币做市报价撤销--北金所要约指令	单向：Out-Only	私有服务		撤销要约指令	RMBTS-CFAT-3	本币给北金所的做市报价与做市报价撤销合并			/	IMIX	本币交易系统	北金所
PUB-XTRADE-I-0018	核心交易体系	指令数据	订单信息	/	质押匿名点击订单	单向：Out-Only	公有服务		接口组-质押匿名点击报价明细发往监测系统	XTRADE-RMBMSS-Repo-5	/			/	IMIX	标准金融资产及衍生品交易系统	本币监测系统
PRV-CDC-I-0002	核心交易体系	交易限额	额度信息	/	本币买断式回购事前控制反馈--国债登	双向：In-Out	私有服务	PRV-RMBTS-I-0016	买断式回购事前控制反馈	RMBTS-CDC-2-R	/			10.0	IMIX	中央国债登记结算公司	本币交易系统
PRV-RMBTS-I-0016	核心交易体系	交易限额	额度信息	/	本币买断式回购事前控制请求--国债登	单向：Out-Only	私有服务	PRV-CDC-I-0002	买断式回购事前控制请求	RMBTS-CDC-2	/			10.0	IMIX	本币交易系统	中央国债登记结算公司
PRV-CDC-I-0003	核心交易体系	交易限额	额度信息	/	本币债券远期事前控制反馈--国债登	双向：In-Out	私有服务	PRV-RMBTS-I-0017	债券远期事前控制反馈	RMBTS-CDC-3-R	/			25.0	IMIX	中央国债登记结算公司	本币交易系统
PRV-RMBTS-I-0017	核心交易体系	交易限额	额度信息	/	本币债券远期事前控制请求--国债登	单向：Out-Only	私有服务	PRV-CDC-I-0003	债券远期事前控制请求	RMBTS-CDC-3	/			25.0	IMIX	本币交易系统	中央国债登记结算公司
PRV-ICBCRS-I-0004	核心交易体系	交易限额	额度信息	/	外汇掉期事前控制反馈--工行	双向：In-Out	私有服务	PRV-FXTS-I-0020	SWAP事前控制请求反馈	FXTS-ICBCRS-4-2	/			26.0	IMIX	工行事前控制系统	外汇交易系统
PRV-FXTS-I-0020	核心交易体系	交易限额	额度信息	/	外汇掉期事前控制请求--工行	双向：Out-In	私有服务	PRV-ICBCRS-I-0004	SWAP事前控制请求	FXTS-ICBCRS-4-1	/			26.0	IMIX	外汇交易系统	工行事前控制系统
PRV-ICBCRS-I-0005	核心交易体系	交易限额	额度信息	/	外汇货币掉期事前控制反馈--货币互换--工行	双向：In-Out	私有服务	PRV-FXTS-I-00201	CRS事前控制请求反馈	FXTS-ICBCRS-5-2	/			27.0	IMIX	工行事前控制系统	外汇交易系统
PRV-FXTS-I-0021	核心交易体系	交易限额	额度信息	/	外汇货币掉期事前控制请求--货币互换--工行	双向：Out-In	私有服务	PRV-ICBCRS-I-0005	CRS事前控制请求	FXTS-ICBCRS-5-1	/			27.0	IMIX	外汇交易系统	工行事前控制系统
PRV-ICBCRS-I-0001	核心交易体系	交易限额	额度信息	/	外汇即期事前控制反馈--工行	双向：In-Out	私有服务	PRV-FXTS-I-0017	SPOT事前控制请求反馈	FXTS-ICBCRS-1-2	/			28.0	IMIX	工行事前控制系统	外汇交易系统
PRV-FXTS-I-0017	核心交易体系	交易限额	额度信息	/	外汇即期事前控制请求--工行	双向：Out-In	私有服务	PRV-ICBCRS-I-0001	SPOT事前控制请求	FXTS-ICBCRS-1-1	/			28.0	IMIX	外汇交易系统	工行事前控制系统
PRV-FXTS-I-0019	核心交易体系	交易限额	额度信息	/	外汇交易未完成或撤销事前控制请求--工行	单向：Out-Only	私有服务		交易未完成或撤销事前控制	FXTS-ICBCRS-6	将外汇交易系统发送给工行的多交易产品的交易未完成或撤销事前控制请求服务合并在各交易产品的前控制请求服务			/	IMIX	外汇交易系统	工行事前控制系统
PRV-ICBCRS-I-0003	核心交易体系	交易限额	额度信息	/	外汇远期事前控制反馈--NDF--工行	双向：In-Out	私有服务	PRV-FXTS-I-0019	NDF事前控制请求反馈  	FXTS-ICBCRS-3-2	/			29.0	IMIX	工行事前控制系统	外汇交易系统
PRV-ICBCRS-I-0002	核心交易体系	交易限额	额度信息	/	外汇远期事前控制反馈--工行	双向：In-Out	私有服务	PRV-FXTS-I-0018	FORWARD事前控制请求反馈 	FXTS-ICBCRS-2-2	/			30.0	IMIX	工行事前控制系统	外汇交易系统
PRV-FXTS-I-0019	核心交易体系	交易限额	额度信息	/	外汇远期事前控制请求--NDF--工行	双向：Out-In	私有服务	PRV-ICBCRS-I-0003	NDF事前控制请求  	FXTS-ICBCRS-3-1	/			29.0	IMIX	外汇交易系统	工行事前控制系统
PRV-FXTS-I-0018	核心交易体系	交易限额	额度信息	/	外汇远期事前控制请求--工行	双向：Out-In	私有服务	PRV-ICBCRS-I-0002	FORWARD事前控制请求 	FXTS-ICBCRS-2-1	/			30.0	IMIX	外汇交易系统	工行事前控制系统
PUB-RMBTS-I-0145	核心交易体系	行情数据	基础行情数据	日终行情	ETF基金买卖成交行情	单向：Out-Only	公有服务		ETF买卖-基金行情	RMBTS-CMDS-21	/			/	IMIX	本币交易系统	市场数据发布系统
PRV-XTRADE-I-0009	核心交易体系	行情数据	基础行情数据	结算价	本币标准产品每日结算价格	双向：Out-In	私有服务	PRV-SHCH-I-0060	清算所-每日结算价格	XTRADE-SHCH-SIRS-9	/			67.0	IMIX	标准金融资产及衍生品交易系统	上海清算所
PRV-SHCH-I-0060	核心交易体系	行情数据	基础行情数据	结算价	本币标准产品每日结算价格反馈	单向：Out-Only	私有服务	PRV-XTRADE-I-0009	清算所-每日结算价格-反馈	XTRADE-SHCH-SIRS-9-R	/			67.0	IMIX	上海清算所	标准金融资产及衍生品交易系统
PRV-RMBTS-I-0058	核心交易体系	行情数据	基础行情数据	结算价	本币标准利率互换到期交割价	双向：Out-In	私有服务	PRV-SHCH-I-0037	标准利率互换集中清算业务-到期交割价	RMBTS-SHCH-43-1	1.确认合并，将本币发送给上清所的标准利率互换、标准债券远期到期交割价服务合并
2.将本币发送给上清所的标准利率互换、标准债券远期到期交割价服务合并至交易后发送给上清所的标准利率互换、标准债券远期到期结算价服务			68.0	IMIX	本币交易系统	上海清算所
PRV-SHCH-I-0037	核心交易体系	行情数据	基础行情数据	结算价	本币标准利率互换到期交割价反馈	单向：Out-Only	私有服务	PRV-RMBTS-I-0058	标准利率互换集中清算业务-到期交割价收到反馈	RMBTS-SHCH-43-2	1.确认合并，将上清所发送给交易后的标准利率互换、标准债券远期到期交割价反馈服务合并
2.将上清所发送给本币的标准利率互换、标准债券远期到期交割价反馈服务合并至交易后发送给上清所的标准利率互换、标准债券远期到期结算价反馈服务			68.0	IMIX	上海清算所	本币交易系统
PRV-PTPS-I-0013	核心交易体系	行情数据	基础行情数据	结算价	本币标准利率互换到期结算价	双向：Out-In	私有服务	PRV-SHCH-I-0067	标准利率互换到期结算利率	PTPS-SHCH-2	确认合并，交易后发送给上清所的标准利率互换、标准债券远期到期结算价服务合并			69.0	IMIX	交易后处理系统	上海清算所
PRV-SHCH-I-0067	核心交易体系	行情数据	基础行情数据	结算价	本币标准利率互换到期结算价反馈	单向：Out-Only	私有服务	PRV-PTPS-I-0013	标准利率互换到期结算利率收到反馈	PTPS-SHCH-2-R	确认合并，上清所发送给交易后的标准利率互换、标准债券远期到期结算价反馈服务合并			69.0	IMIX	上海清算所	交易后处理系统
PRV-RMBTS-I-0057	核心交易体系	行情数据	基础行情数据	结算价	本币标准利率互换每日结算价格	双向：Out-In	私有服务	PRV-SHCH-I-0036	标准利率互换集中清算业务-每日结算价格	RMBTS-SHCH-42-1	1.确认合并，将本币发送给上清所的标准利率互换、标准债券远期每日结算价格服务合并
2.将本币发送给上清所的标准利率互换、标准债券远期每日结算价服务合并至Xtrade发送给上清所的标准利率互换、标准债券远期每日结算价服务			70.0	IMIX	本币交易系统	上海清算所
PRV-SHCH-I-0036	核心交易体系	行情数据	基础行情数据	结算价	本币标准利率互换每日结算价格反馈	单向：Out-Only	私有服务	PRV-RMBTS-I-0057	标准利率互换集中清算业务-每日结算价收到反馈	RMBTS-SHCH-42-2	1.确认合并，将上清所发送给本币的标准利率互换、标准债券远期每日结算价格反馈服务合并
2.将本币发送给上清所的标准利率互换、标准债券远期每日结算价服务合并至Xtrade发送给上清所的标准利率互换、标准债券远期每日结算价反馈服务			70.0	IMIX	上海清算所	本币交易系统
PRV-RMBTS-I-0050	核心交易体系	行情数据	基础行情数据	结算价	本币标准债券远期到期交割价	双向：Out-In	私有服务	PRV-SHCH-I-0029	标准债券远期集中净额清算业务-到期交割价	RMBTS-SHCH-34-1	1.确认合并，将本币发送给上清所的标准利率互换、标准债券远期到期交割价服务合并
2.将本币发送给上清所的标准利率互换、标准债券远期到期交割价服务合并至交易后发送给上清所的标准利率互换、标准债券远期到期结算价服务			71.0	IMIX	本币交易系统	上海清算所
PRV-SHCH-I-0029	核心交易体系	行情数据	基础行情数据	结算价	本币标准债券远期到期交割价反馈	单向：Out-Only	私有服务	PRV-RMBTS-I-0050	标准债券远期集中净额清算业务-到期交割价收到反馈	RMBTS-SHCH-34-2	1.确认合并，将上清所发送给交易后的标准利率互换、标准债券远期到期交割价反馈服务合并
2.将上清所发送给本币的标准利率互换、标准债券远期到期交割价反馈服务合并至交易后发送给上清所的标准利率互换、标准债券远期到期结算价反馈服务			71.0	IMIX	上海清算所	本币交易系统
PRV-PTPS-I-0012	核心交易体系	行情数据	基础行情数据	结算价	本币标准债券远期到期结算价	双向：Out-In	私有服务	PRV-SHCH-I-0066	标准债券远期到期结算价	PTPS-SHCH-1	确认合并，交易后发送给上清所的标准利率互换、标准债券远期到期结算价服务合并			72.0	IMIX	交易后处理系统	上海清算所
PRV-SHCH-I-0066	核心交易体系	行情数据	基础行情数据	结算价	本币标准债券远期到期结算价反馈	单向：Out-Only	私有服务	PRV-PTPS-I-0012	标准债券远期到期结算价收到反馈	PTPS-SHCH-1-R	确认合并，上清所发送给交易后的标准利率互换、标准债券远期到期结算价反馈服务合并			72.0	IMIX	上海清算所	交易后处理系统
PRV-RMBTS-I-0049	核心交易体系	行情数据	基础行情数据	结算价	本币标准债券远期每日结算价格	双向：Out-In	私有服务	PRV-SHCH-I-0028	标准债券远期集中净额清算业务-每日结算价格	RMBTS-SHCH-33-1	1.确认合并，将本币发送给上清所的标准利率互换、标准债券远期每日结算价格服务合并
2.将本币发送给上清所的标准利率互换、标准债券远期每日结算价服务合并至Xtrade发送给上清所的标准利率互换、标准债券远期每日结算价服务			73.0	IMIX	本币交易系统	上海清算所
PRV-SHCH-I-0028	核心交易体系	行情数据	基础行情数据	结算价	本币标准债券远期每日结算价格反馈	单向：Out-Only	私有服务	PRV-RMBTS-I-0049	标准债券远期集中净额清算业务-每日结算价收到反馈	RMBTS-SHCH-33-2	1.确认合并，将上清所发送给本币的标准利率互换、标准债券远期每日结算价格反馈服务合并
2.将本币发送给上清所的标准利率互换、标准债券远期每日结算价服务合并至Xtrade发送给上清所的标准利率互换、标准债券远期每日结算价反馈服务			73.0	IMIX	上海清算所	本币交易系统
PUB-XTRADE-I-0007	核心交易体系	行情数据	基础行情数据	交易量	标准利率互换成交行情	单向：Out-Only	公有服务		行情数据/每日结算利率（CMDS）-标准利率互换成交行情数据	XTRADE-CMDS-SIRS-12-1	Xtrade发给本币、市场数据发布系统的标准利率互换成交行情（含成交量）服务合并			/	IMIX	标准金融资产及衍生品交易系统	市场数据发布系统
PUB-XTRADE-I-0003	核心交易体系	行情数据	基础行情数据	交易量	标准利率互换成交行情--本币	单向：Out-Only	公有服务		成交行情数据	XTRADE-RMBTS-IRS-12	Xtrade发给本币、市场数据发布系统的标准利率互换成交行情（含成交量）服务合并			/	IMIX	标准金融资产及衍生品交易系统	本币交易系统
PUB-XTRADE-I-0008	核心交易体系	行情数据	基础行情数据	报价档位	标准利率互换档位行情	单向：Out-Only	公有服务		行情数据/每日结算利率（CMDS）-标准利率互换档位行情	XTRADE-CMDS-SIRS-12-2	/			/	IMIX	标准金融资产及衍生品交易系统	市场数据发布系统
PUB-XTRADE-I-0010	核心交易体系	行情数据	基础行情数据	结算价	标准利率互换每日结算价格	单向：Out-Only	公有服务		行情数据/每日结算利率（CMDS）-标准利率互换每日结算价	XTRADE-CMDS-SIRS-12-4	确认合并，Xtrade发送给市场数据发布系统的标准利率互换、标准债券远期每日结算价格服务合并			/	IMIX	标准金融资产及衍生品交易系统	市场数据发布系统
PUB-XTRADE-I-0004	核心交易体系	行情数据	基础行情数据	盘中参考价	标准利率互换盘中参考价	单向：Out-Only	公有服务		盘中参考价数据	XTRADE-RMBTS-IRS-14	/			/	IMIX	标准金融资产及衍生品交易系统	本币交易系统
PUB-XTRADE-I-0009	核心交易体系	行情数据	基础行情数据	最优报价	标准利率互换最优报价行情	单向：Out-Only	公有服务		行情数据/每日结算利率（CMDS）-标准利率互换最优报价行情	XTRADE-CMDS-SIRS-12-3	Xtrade给本币、市场数据发布系统的标准利率互换最优报价行情服务合并			/	IMIX	标准金融资产及衍生品交易系统	市场数据发布系统
PUB-XTRADE-I-0002	核心交易体系	行情数据	基础行情数据	最优报价	标准利率互换最优报价行情--本币	单向：Out-Only	公有服务		最优报价数据	XTRADE-RMBTS-IRS-13	Xtrade给本币、市场数据发布系统的标准利率互换最优报价行情服务合并			/	IMIX	标准金融资产及衍生品交易系统	本币交易系统
PUB-XTRADE-I-0012	核心交易体系	行情数据	基础行情数据	交易量	标准债券远期成交行情	单向：Out-Only	公有服务		行情数据/每日结算价（CMDS）	XTRADE-CMDS-SBF-13	/			/	IMIX	标准金融资产及衍生品交易系统	市场数据发布系统
PUB-XTRADE-I-0013	核心交易体系	行情数据	基础行情数据	报价档位	标准债券远期档位行情	单向：Out-Only	公有服务			XTRADE-CMDS-SBF-13	/			/	IMIX	标准金融资产及衍生品交易系统	市场数据发布系统
PUB-XTRADE-I-0015	核心交易体系	行情数据	基础行情数据	结算价	标准债券远期每日结算价格	单向：Out-Only	公有服务			XTRADE-CMDS-SBF-13	确认合并，Xtrade发送给市场数据发布系统的标准利率互换、标准债券远期每日结算价格服务合并			/	IMIX	标准金融资产及衍生品交易系统	市场数据发布系统
PUB-XTRADE-I-0014	核心交易体系	行情数据	基础行情数据	最优报价	标准债券远期最优报价行情	单向：Out-Only	公有服务			XTRADE-CMDS-SBF-13	/			/	IMIX	标准金融资产及衍生品交易系统	市场数据发布系统
PUB-RMBTS-I-0140	核心交易体系	行情数据	基础行情数据	日终行情	利率互换(浮动)浮动成交行情	单向：Out-Only	公有服务		利率互换市场-(浮动)浮动成交行情	RMBTS-CMDS-19-2	/			/	IMIX	本币交易系统	市场数据发布系统
PUB-RMBTS-I-0142	核心交易体系	行情数据	基础行情数据	日终行情	利率互换(浮动)浮动成交行情--双边报价成交	单向：Out-Only	公有服务		利率互换市场-(浮动)浮动双边报价行情	RMBTS-CMDS-19-4	/			/	IMIX	本币交易系统	市场数据发布系统
PUB-RMBTS-I-0139	核心交易体系	行情数据	基础行情数据	日终行情	利率互换(固定)浮动成交行情	单向：Out-Only	公有服务		利率互换市场-(固定)浮动成交行情	RMBTS-CMDS-19-1	/			/	IMIX	本币交易系统	市场数据发布系统
PUB-RMBTS-I-0141	核心交易体系	行情数据	基础行情数据	日终行情	利率互换(固定)浮动成交行情--双边报价成交	单向：Out-Only	公有服务		利率互换市场-(固定)浮动双边报价行情	RMBTS-CMDS-19-3	/			/	IMIX	本币交易系统	市场数据发布系统
PUB-RMBTS-I-0131	核心交易体系	行情数据	基础行情数据	日终行情	买断式回购成交行情	单向：Out-Only	公有服务		买断式回购-买断式回购利率行情	RMBTS-CMDS-14-1	/			/	IMIX	本币交易系统	市场数据发布系统
PUB-RMBTS-I-0133	核心交易体系	行情数据	基础行情数据	日终参考价	买断式回购到期净价行情	单向：Out-Only	公有服务		买断式回购-到期净价行情	RMBTS-CMDS-14-3	/			/	IMIX	本币交易系统	市场数据发布系统
PUB-RMBTS-I-0132	核心交易体系	行情数据	基础行情数据	日终参考价	买断式回购首次净价行情	单向：Out-Only	公有服务		买断式回购-首次净价行情	RMBTS-CMDS-14-2	/			/	IMIX	本币交易系统	市场数据发布系统
PUB-FXTS-I-0001	核心交易体系	行情数据	基础行情数据	日终行情	人民币外汇成交行情	单向：Out-Only	公有服务		市场行情	FXTS-CHINAMONEY-3	/			/	IMIX	外汇交易系统	中国货币网
PUB-FXTS-I-0005	核心交易体系	行情数据	基础行情数据	成交行情	人民币外汇成交行情--汇总	单向：Out-Only	公有服务		返回行情数据-成交行情（含即/远/NDF）	FXTS-CMDS-2-3	/			/	IMIX	外汇交易系统	市场数据发布系统
PUB-FXTS-I-0003	核心交易体系	行情数据	基础行情数据	最优报价	人民币外汇单向最优报价行情	单向：Out-Only	公有服务		返回行情数据-最优报价（含即/远/NDF）	FXTS-CMDS-2-4	/			/	IMIX	外汇交易系统	市场数据发布系统
PUB-FXTS-I-0002	核心交易体系	行情数据	基础行情数据	最优报价	人民币外汇双向最优报价行情	单向：Out-Only	公有服务		 最优报价	FXTS-CHINAMONEY-2	/			/	IMIX	外汇交易系统	中国货币网
PUB-CSWAP-I-0003	核心交易体系	行情数据	基础行情数据	报价档位	外汇掉期档位行情--Cswap	单向：Out-Only	公有服务		档位行情	CSWAP-FXTS-2	/			/	IMIX	标准化外汇产品交易系统	外汇交易系统
PUB-CSWAP-I-0002	核心交易体系	行情数据	基础行情数据	最优报价	外汇掉期最优报价行情--Cswap	单向：Out-Only	公有服务		CSWAP最优报价行情	CSWAP-FXTS-6	/			/	IMIX	标准化外汇产品交易系统	外汇交易系统
PUB-ICAP-I-0001	核心交易体系	行情数据	基础行情数据	最优报价	外汇掉期最优报价行情--货币经纪	单向：Out-Only	公有服务		外汇掉期最优报价	ICAP-FXTS-1	/			/	IMIX	国际货币经纪公司ICAP	外汇交易系统
PUB-ICAP-I-0005	核心交易体系	行情数据	基础行情数据	最优报价	外汇掉期最优报价行情--货币经纪电子白板	单向：Out-Only	公有服务		电子白板－外汇掉期最优报价	ICAP-BMS-1	/			/	IMIX	国际货币经纪公司ICAP	市场基准参考系统
PUB-ICAP-I-0003	核心交易体系	行情数据	基础行情数据	最优报价	外汇货币掉期最优报价行情--货币经纪	单向：Out-Only	公有服务		外汇货币掉期最优报价	ICAP-FXTS-3	/			/	IMIX	国际货币经纪公司ICAP	外汇交易系统
PUB-ICAP-I-0008	核心交易体系	行情数据	基础行情数据	最优报价	外汇货币掉期最优报价行情--货币经纪Excel报价	单向：Out-Only	公有服务		Excel报价－货币掉期最优报价	ICAP-BMS-6	/			/	IMIX	国际货币经纪公司ICAP	市场基准参考系统
PUB-ICAP-I-0007	核心交易体系	行情数据	基础行情数据	最优报价	外汇期权最优报价行情--货币经纪电子白板	单向：Out-Only	公有服务		电子白板－外汇期权最优报价	ICAP-BMS-3	/			/	IMIX	国际货币经纪公司ICAP	市场基准参考系统
PUB-ICAP-I-0002	核心交易体系	行情数据	基础行情数据	最优报价	外汇远期最优报价行情--货币经纪	单向：Out-Only	公有服务		外汇远期最优报价	ICAP-FXTS-2	/			/	IMIX	国际货币经纪公司ICAP	外汇交易系统
PUB-ICAP-I-0006	核心交易体系	行情数据	基础行情数据	最优报价	外汇远期最优报价行情--货币经纪电子白板	单向：Out-Only	公有服务		电子白板－外汇远期最优报价	ICAP-BMS-2	/			/	IMIX	国际货币经纪公司ICAP	市场基准参考系统
PUB-RMBTS-I-0134	核心交易体系	行情数据	基础行情数据	日终行情	现券买卖成交行情	单向：Out-Only	公有服务		现券买卖市场行情	RMBTS-CMDS-15	/			/	IMIX	本币交易系统	市场数据发布系统
PUB-RMBTS-I-0135	核心交易体系	行情数据	基础行情数据	日终行情	现券买卖成交行情--资产支持证券	单向：Out-Only	公有服务		资产支持证券市场行情	RMBTS-CMDS-16	/			/	IMIX	本币交易系统	市场数据发布系统
PUB-RMBTS-I-0125	核心交易体系	行情数据	基础行情数据	日终行情	信用拆借成交行情	单向：Out-Only	公有服务		信用拆借-信用拆借市场行情	RMBTS-CMDS-12-1	/			/	IMIX	本币交易系统	市场数据发布系统
PUB-RMBTS-I-0126	核心交易体系	行情数据	基础行情数据	日终行情	信用拆借成交行情--存款类机构信用拆借市场行情	单向：Out-Only	公有服务		信用拆借-存款类机构信用拆借市场行情	RMBTS-CMDS-12-2	/			/	IMIX	本币交易系统	市场数据发布系统
PUB-RMBTS-I-0127	核心交易体系	行情数据	基础行情数据	日终行情	信用拆借成交行情--国际金融资产交易行情	单向：Out-Only	公有服务		信用拆借-国际金融资产交易行情数据	RMBTS-CMDS-12-3	/			/	IMIX	本币交易系统	市场数据发布系统
PUB-RMBTS-I-0147	核心交易体系	行情数据	基础行情数据	日终行情	预发行成交行情--点击成交	单向：Out-Only	公有服务		预发行-点击成交行情	RMBTS-CMDS-22-2	/			/	IMIX	本币交易系统	市场数据发布系统
PUB-RMBTS-I-0148	核心交易体系	行情数据	基础行情数据	日终行情	预发行成交行情--汇总	单向：Out-Only	公有服务		预发行-汇总行情	RMBTS-CMDS-22-3	/			/	IMIX	本币交易系统	市场数据发布系统
PUB-RMBTS-I-0146	核心交易体系	行情数据	基础行情数据	日终行情	预发行成交行情--请求报价成交	单向：Out-Only	公有服务		预发行-RFQ行情	RMBTS-CMDS-22-1	/			/	IMIX	本币交易系统	市场数据发布系统
PUB-RMBTS-I-0143	核心交易体系	行情数据	基础行情数据	日终行情	远期利率协议成交行情	单向：Out-Only	公有服务		远期利率协议-成交行情	RMBTS-CMDS-20-1	/			/	IMIX	本币交易系统	市场数据发布系统
PUB-RMBTS-I-0144	核心交易体系	行情数据	基础行情数据	日终行情	远期利率协议成交行情--双边报价成交	单向：Out-Only	公有服务		远期利率协议-双向报价行情	RMBTS-CMDS-20-2	/			/	IMIX	本币交易系统	市场数据发布系统
PUB-RMBTS-I-0137	核心交易体系	行情数据	基础行情数据	日终行情	债券借贷-标的债券借贷费率行情	单向：Out-Only	公有服务		债券借贷-标的债券借贷费率行情	RMBTS-CMDS-18-1	/			/	IMIX	本币交易系统	市场数据发布系统
PUB-RMBTS-I-0138	核心交易体系	行情数据	基础行情数据	日终行情	债券借贷-交易品种费率行情	单向：Out-Only	公有服务		债券借贷-交易品种费率行情	RMBTS-CMDS-18-2	/			/	IMIX	本币交易系统	市场数据发布系统
PUB-RMBTS-I-0136	核心交易体系	行情数据	基础行情数据	日终行情	债券远期成交行情	单向：Out-Only	公有服务		债券远期市场行情	RMBTS-CMDS-17	/			/	IMIX	本币交易系统	市场数据发布系统
PUB-XTRADE-I-0020	核心交易体系	行情数据	基础行情数据	交易量	质押匿名点击成交行情	单向：Out-Only	公有服务		质押匿名点击成交行情发往CMDS	XTRADE-CMDS-Repo-8-1	/			/	IMIX	标准金融资产及衍生品交易系统	市场数据发布系统
PUB-XTRADE-I-0021	核心交易体系	行情数据	基础行情数据	报价档位	质押匿名点击档位行情	单向：Out-Only	公有服务		质押匿名点击档位行情发往CMDS	XTRADE-CMDS-Repo-8-2	/			/	IMIX	标准金融资产及衍生品交易系统	市场数据发布系统
PUB-XTRADE-I-0022	核心交易体系	行情数据	基础行情数据	最优报价	质押匿名点击最优报价行情	单向：Out-Only	公有服务		质押匿名点击最优报价行情发往CMDS	XTRADE-CMDS-Repo-8-3	/			/	IMIX	标准金融资产及衍生品交易系统	市场数据发布系统
PUB-RMBTS-I-0128	核心交易体系	行情数据	基础行情数据	日终行情	质押式回购成交行情	单向：Out-Only	公有服务		质押式回购-质押式回购市场行情	RMBTS-CMDS-13-1	将本币发送给市场数据发布系统、Xtrade系统的质押式回购成交行情服务合并			/	IMIX	本币交易系统	市场数据发布系统
PUB-RMBTS-I-0168	核心交易体系	行情数据	基础行情数据	日终行情	质押式回购成交行情--汇总	单向：Out-Only	公有服务		接口组-接收本币的汇总行情	RMBTS-XTRADE-Repo-9	将本币发送给市场数据发布系统、Xtrade系统的质押式回购成交行情服务合并			/	IMIX	本币交易系统	标准金融资产及衍生品交易系统
PUB-RMBTS-I-0130	核心交易体系	行情数据	基础行情数据	日终行情	质押式回购成交行情--汇总	单向：Out-Only	公有服务		质押式回购-质押式回购汇总成交行情	RMBTS-CMDS-13-3	将本币发送给市场数据发布系统、Xtrade系统的质押式回购成交行情服务合并			/	IMIX	本币交易系统	市场数据发布系统
PUB-RMBTS-I-0129	核心交易体系	行情数据	基础行情数据	日终行情	质押式回购-存款类机构质押式回购市场行情	单向：Out-Only	公有服务		质押式回购-存款类机构质押式回购市场行情	RMBTS-CMDS-13-2	/			/	IMIX	本币交易系统	市场数据发布系统
PUB-SHCH-I-0006	交易后服务体系	清算风险数据	保证金数据	/	外汇会员保证金数据	单向：Out-Only	私有服务		保证金数据	SHCH-FXTS-1	/			/	IMIX	上海清算所	外汇交易系统
PUB-RMBTS-I-0161	交易后服务体系	交易后服务数据	成交备案信息	/	本币备案状态	单向：Out-Only	公有服务		备案	RMBTS-PTPS-8	/			/	IMIX	本币交易系统	交易后处理系统
PUB-CTRS-I-0001	交易后服务体系	交易后服务数据	成交备案信息	/	本币成交备案	单向：Out-Only	公有服务		备案成交信息	CTRS-RMBMSS-1	/			/	IMIX	中心交易信息备案系统	本币监测系统
PRV-CDITS-I-0001	交易后服务体系	交易后服务数据	成交备案信息	/	存单备案反馈数据	单向：Out-Only	私有服务	PRV-CIM-I-0001	存单备案反馈数据	CIM-CDITS-7-R	/			74.0	IMIX	大额存单发行备案系统	会员机构管理系统
PRV-CIM-I-0001	交易后服务体系	交易后服务数据	成交备案信息	/	存单备案数据	双向：Out-In	私有服务	PRV-CDITS-I-0001	存单备案数据	CIM-CDITS-7	/			74.0	IMIX	会员机构管理系统	大额存单发行备案系统
PUB-RMBTS-I-0040	交易后服务体系	交易后服务数据	成交确认数据	/	本币成交确认数据--利率互换交易	单向：Out-Only	公有服务		利率互换数据	RMBTS-RMBMSS-26	/			/	IMIX	本币交易系统	本币监测系统
PUB-PTPS-I-0003	交易后服务体系	交易后服务数据	成交确认数据	/	本币成交确认状态	单向：Out-Only	公有服务		交易后处理平台确认	PTPS-RMBTS-4	/			/	IMIX	交易后处理系统	本币交易系统
PUB-PTPS-I-0004	交易后服务体系	交易后服务数据	成交确认数据	/	本币成交确认状态--变更信息	单向：Out-Only	公有服务		确认状态变化消息	PTPS-RMBTS-5	/			/	IMIX	交易后处理系统	本币交易系统
PUB-PTPS-I-0005	交易后服务体系	交易后服务数据	成交确认数据	/	本币成交确认状态--利率互换期权变更信息	单向：Out-Only	公有服务		利率互换期权市场交易确认状态更新	PTPS-RMBTS-6	/			/	IMIX	交易后处理系统	本币交易系统
PRV-RMBTS-I-0040	交易后服务体系	交易后服务数据	成交确认数据	/	同业存单发行确权--清算所	双向：Out-In	私有服务	PRV-SHCH-I-0021	本币产品发行确权-同业存单发行确权	RMBTS-SHCH-24-1	/			75.0	IMIX	本币交易系统	上海清算所
PRV-ICDIS-I-0002	交易后服务体系	交易后服务数据	成交确认数据	/	同业存单发行确权--清算所	双向：Out-In	私有服务	PRV-SHCH-I-0071	同业存单发行确权（发行确权）	ICDIS-SHCH-1	/			76.0	IMIX	货币及债务工具发行系统（原名：同业存单发行系统）	上海清算所
PRV-SHCH-I-0021	交易后服务体系	交易后服务数据	成交确认数据	/	同业存单发行确权--清算所反馈	单向：Out-Only	私有服务	PRV-RMBTS-I-0040	本币产品发行确权-同业存单发行确权反馈	RMBTS-SHCH-24-2	/			75.0	IMIX	上海清算所	本币交易系统
PRV-SHCH-I-0071	交易后服务体系	交易后服务数据	成交确认数据	/	同业存单发行确权--清算所反馈	单向：Out-Only	私有服务	PRV-ICDIS-I-0002	同业存单发行确权反馈	ICDIS-SHCH-1-R	/			76.0	IMIX	上海清算所	货币及债务工具发行系统（原名：同业存单发行系统）
PRV-FXTSCSTP-I-0003	交易后服务体系	交易后服务数据	成交确认数据	/	外汇成交确认状态	单向：Out-Only	私有服务	PRV-FXTS-I-0009	成交确认	FXTS-FXCSTP-1-R	/			/	IMIX	外汇交易直通式处理系统（外汇CSTP）	外汇交易系统
PUB-PTPS-I-0001	交易后服务体系	交易后服务数据	交易冲销数据	/	本币冲销冻结	单向：Out-Only	私有服务		冲销冻结	PTPS-RMBTS-1	/			/	IMIX	交易后处理系统	本币交易系统
PRV-PTPS-I-0001	交易后服务体系	交易后服务数据	交易冲销数据	/	本币多边冲销计算结果数据	单向：Out-Only	私有服务		多边冲销计算结果数据	PTPS-RMBTS-2	/			/	IMIX	交易后处理系统	本币交易系统
PUB-PTPS-I-0002	交易后服务体系	交易后服务数据	交易冲销数据	/	本币多边冲销解冻	单向：Out-Only	私有服务		多边冲销解冻	PTPS-RMBTS-3	/			/	IMIX	交易后处理系统	本币交易系统
PUB-RMBTS-I-0159	交易后服务体系	交易后服务数据	交易冲销数据	/	本币双边冲销	单向：Out-Only	私有服务		双边冲销	RMBTS-PTPS-1	/			/	IMIX	本币交易系统	交易后处理系统
PRV-RMBTS-I-0059	交易后服务体系	交易后服务数据	交易冲销数据	/	本币双边冲销撤销	双向：Out-In	私有服务	PRV-PTPS-I-0002	双边冲销撤销	RMBTS-PTPS-2	/			77.0	IMIX	本币交易系统	交易后处理系统
PRV-PTPS-I-0002	交易后服务体系	交易后服务数据	交易冲销数据	/	本币双边冲销撤销反馈	单向：Out-Only	私有服务	PRV-RMBTS-I-0059	双边冲销撤销反馈	RMBTS-PTPS-2-R	/			77.0	IMIX	交易后处理系统	本币交易系统
PRV-SHCH-I-0055	交易后服务体系	交易后服务数据	交易平仓数据	/	本币标准产品交易平仓撤销请求	双向：Out-In	私有服务	PRV-XTRADE-I-0004	清算所-会员交易强行平仓撤销	SHCH-XTRADE-SIRS-4	/			78.0	IMIX	上海清算所	标准金融资产及衍生品交易系统
PRV-XTRADE-I-0004	交易后服务体系	交易后服务数据	交易平仓数据	/	本币标准产品交易平仓撤销请求反馈	单向：Out-Only	私有服务	PRV-SHCH-I-0055	清算所-会员交易强行平仓撤销-反馈	SHCH-XTRADE-SIRS-4-R	/			78.0	IMIX	标准金融资产及衍生品交易系统	上海清算所
PRV-SHCH-I-0054	交易后服务体系	交易后服务数据	交易平仓数据	/	本币标准产品交易平仓请求	双向：Out-In	私有服务	PRV-XTRADE-I-0003	清算所-会员强行平仓指令	SHCH-XTRADE-SIRS-3	/			79.0	IMIX	上海清算所	标准金融资产及衍生品交易系统
PRV-XTRADE-I-0003	交易后服务体系	交易后服务数据	交易平仓数据	/	本币标准产品交易平仓请求反馈	单向：Out-Only	私有服务	PRV-SHCH-I-0054	清算所-会员强行平仓指令-反馈	SHCH-XTRADE-SIRS-3-R	/			79.0	IMIX	标准金融资产及衍生品交易系统	上海清算所
PRV-XTRADE-I-0001	交易后服务体系	交易后服务数据	交易平仓数据	/	本币标准产品交易平仓数据	双向：Out-In	私有服务	PRV-SHCH-I-0052	清算所-交易数据	XTRADE-SHCH-SIRS-1	/			80.0	IMIX	标准金融资产及衍生品交易系统	上海清算所
PRV-SHCH-I-0052	交易后服务体系	交易后服务数据	交易平仓数据	/	本币标准产品交易平仓数据反馈	单向：Out-Only	私有服务	PRV-XTRADE-I-0001	清算所-交易数据-反馈	XTRADE-SHCH-SIRS-1-R	/			80.0	IMIX	上海清算所	标准金融资产及衍生品交易系统
PRV-RMBTS-I-0054	交易后服务体系	交易后服务数据	交易平仓数据	/	本币标准利率互换交易平仓撤销请求	单向：Out-Only	私有服务	PRV-SHCH-I-0033	标准利率互换集中清算业务-会员交易强行平仓撤销请求	RMBTS-SHCH-38-1	确定合并，本币发送给上清所的标准利率互换、标准债券远期交易平仓请求服务合并			81.0	IMIX	本币交易系统	上海清算所
PRV-SHCH-I-0033	交易后服务体系	交易后服务数据	交易平仓数据	/	本币标准利率互换交易平仓撤销请求反馈	双向：In-Out	私有服务	PRV-RMBTS-I-0054	标准利率互换集中清算业务-会员交易强行平仓撤销反馈	RMBTS-SHCH-38-2	/			81.0	IMIX	上海清算所	本币交易系统
PRV-RMBTS-I-0053	交易后服务体系	交易后服务数据	交易平仓数据	/	本币标准利率互换交易平仓请求	单向：Out-Only	私有服务	PRV-SHCH-I-0032	标准利率互换集中清算业务-会员强行平仓指令请求	RMBTS-SHCH-37-1	确定合并，本币发送给上清所的标准利率互换、标准债券远期交易平仓撤销请求服务合并			82.0	IMIX	本币交易系统	上海清算所
PRV-SHCH-I-0032	交易后服务体系	交易后服务数据	交易平仓数据	/	本币标准利率互换交易平仓请求反馈	双向：In-Out	私有服务	PRV-RMBTS-I-0053	标准利率互换集中清算业务-会员强行平仓指令反馈	RMBTS-SHCH-37-2	/			82.0	IMIX	上海清算所	本币交易系统
PRV-RMBTS-I-0051	交易后服务体系	交易后服务数据	交易平仓数据	/	本币标准利率互换交易平仓数据	双向：Out-In	私有服务	PRV-SHCH-I-0030	标准利率互换集中清算业务-标准利率互换成交数据	RMBTS-SHCH-35-1	确定合并，上清所发送给本币的标准利率互换、标准债券远期交易平仓数据服务合并			83.0	IMIX	本币交易系统	上海清算所
PRV-SHCH-I-0030	交易后服务体系	交易后服务数据	交易平仓数据	/	本币标准利率互换交易平仓数据反馈	单向：Out-Only	私有服务	PRV-RMBTS-I-0051	标准利率互换集中清算业务-标准利率互换成交反馈	RMBTS-SHCH-35-2	/			83.0	IMIX	上海清算所	本币交易系统
PRV-RMBTS-I-0044	交易后服务体系	交易后服务数据	交易平仓数据	/	本币标准债券远期交易平仓撤销请求	单向：Out-Only	私有服务	PRV-SHCH-I-0025	标准债券远期集中净额清算业务-会员交易强行平仓撤销请求	RMBTS-SHCH-28-1	确定合并，本币发送给上清所的标准利率互换、标准债券远期交易平仓请求服务合并			84.0	IMIX	本币交易系统	上海清算所
PRV-SHCH-I-0025	交易后服务体系	交易后服务数据	交易平仓数据	/	本币标准债券远期交易平仓撤销请求反馈	双向：In-Out	私有服务	PRV-RMBTS-I-0044	标准债券远期集中净额清算业务-会员交易强行平仓撤销反馈	RMBTS-SHCH-28-2	/			84.0	IMIX	上海清算所	本币交易系统
PRV-RMBTS-I-0043	交易后服务体系	交易后服务数据	交易平仓数据	/	本币标准债券远期交易平仓请求	单向：Out-Only	私有服务	PRV-SHCH-I-0024	标准债券远期集中净额清算业务-会员强行平仓指令请求	RMBTS-SHCH-27-1	确定合并，本币发送给上清所的标准利率互换、标准债券远期交易平仓请求服务合并			85.0	IMIX	本币交易系统	上海清算所
PRV-SHCH-I-0024	交易后服务体系	交易后服务数据	交易平仓数据	/	本币标准债券远期交易平仓请求反馈	双向：In-Out	私有服务	PRV-RMBTS-I-0043	标准债券远期集中净额清算业务-会员强行平仓指令反馈	RMBTS-SHCH-27-2	/			85.0	IMIX	上海清算所	本币交易系统
PRV-RMBTS-I-0041	交易后服务体系	交易后服务数据	交易平仓数据	/	本币标准债券远期交易平仓数据	双向：Out-In	私有服务	PRV-SHCH-I-0022	标准债券远期集中净额清算业务-标准债券远期成交	RMBTS-SHCH-25-1	确定合并，上清所发送给本币的标准利率互换、标准债券远期交易平仓数据服务合并			86.0	IMIX	本币交易系统	上海清算所
PRV-SHCH-I-0022	交易后服务体系	交易后服务数据	交易平仓数据	/	本币标准债券远期交易平仓数据反馈	单向：Out-Only	私有服务	PRV-RMBTS-I-0041	标准债券远期集中净额清算业务-标准债券远期成交反馈	RMBTS-SHCH-25-2	/			86.0	IMIX	上海清算所	本币交易系统
PRV-RMBTS-I-0013	交易后服务体系	交易后服务数据	交易替换数据	/	质押式回购关联机构押券替换请求	单向：Out-Only	私有服务	PRV-RMBCSTP-I-0006	质押式回购押券替换请求（关联机构）	RMBTS-CSTP-26-1	/			87.0	IMIX	本币交易系统	本币交易直通式处理系统（本币CSTP）
PRV-RMBCSTP-I-0006	交易后服务体系	交易后服务数据	交易替换数据	/	质押式回购关联机构押券替换响应	双向：In-Out	私有服务	PRV-RMBTS-I-0013	质押式回购押券替换（关联机构）	RMBTS-CSTP-26-2	/			87.0	IMIX	本币交易直通式处理系统（本币CSTP）	本币交易系统
PRV-RMBTS-I-0012	交易后服务体系	交易后服务数据	交易替换数据	/	质押式回购押券替换请求	单向：Out-Only	私有服务	PRV-RMBCSTP-I-0005	质押式回购押券替换请求	RMBTS-CSTP-12-1	/			88.0	IMIX	本币交易系统	本币交易直通式处理系统（本币CSTP）
PRV-RMBCSTP-I-0005	交易后服务体系	交易后服务数据	交易替换数据	/	质押式回购押券替换响应	双向：In-Out	私有服务	PRV-RMBTS-I-0012	质押式回购押券替换	RMBTS-CSTP-12-2	/			88.0	IMIX	本币交易直通式处理系统（本币CSTP）	本币交易系统
PRV-FXTS-I-0010	交易后服务体系	交易后服务数据	交易通知数据	/	CRS交易成交通知	双向：Out-In	私有服务	PRV-FXTSCSTP-I-0003	成交通知-CRS交易	FXTS-FXCSTP-1-2	/			/	IMIX	外汇交易系统	外汇交易直通式处理系统（外汇CSTP）
PRV-FXTS-I-0009	交易后服务体系	交易后服务数据	交易通知数据	/	IRS交易成交通知	双向：Out-In	私有服务	PRV-FXTSCSTP-I-0003	成交通知-IRS交易	FXTS-FXCSTP-1-1	/			/	IMIX	外汇交易系统	外汇交易直通式处理系统（外汇CSTP）
PRV-FXTS-I-0016	交易后服务体系	交易后服务数据	交易通知数据	/	外币拆借交易成交通知	双向：Out-In	私有服务	PRV-FXTSCSTP-I-0003	成交通知-外币拆借交易	FXTS-FXCSTP-1-8	/			/	IMIX	外汇交易系统	外汇交易直通式处理系统（外汇CSTP）
PRV-FXTS-I-0014	交易后服务体系	交易后服务数据	交易通知数据	/	外汇掉期交易成交通知	双向：Out-In	私有服务	PRV-FXTSCSTP-I-0003	成交通知-掉期交易	FXTS-FXCSTP-1-6	/			/	IMIX	外汇交易系统	外汇交易直通式处理系统（外汇CSTP）
PRV-FXTS-I-0011	交易后服务体系	交易后服务数据	交易通知数据	/	外汇即期交易成交通知	双向：Out-In	私有服务	PRV-FXTSCSTP-I-0003	成交通知-即期交易	FXTS-FXCSTP-1-3	/			/	IMIX	外汇交易系统	外汇交易直通式处理系统（外汇CSTP）
PRV-FXTS-I-0015	交易后服务体系	交易后服务数据	交易通知数据	/	外汇期权交易成交通知	双向：Out-In	私有服务	PRV-FXTSCSTP-I-0003	成交通知-期权交易	FXTS-FXCSTP-1-7	/			/	IMIX	外汇交易系统	外汇交易直通式处理系统（外汇CSTP）
PRV-FXTS-I-0012	交易后服务体系	交易后服务数据	交易通知数据	/	外汇远期交易成交通知	双向：Out-In	私有服务	PRV-FXTSCSTP-I-0003	成交通知-远期交易	FXTS-FXCSTP-1-4	/			/	IMIX	外汇交易系统	外汇交易直通式处理系统（外汇CSTP）
PRV-FXTS-I-0013	交易后服务体系	交易后服务数据	交易通知数据	/	外汇轧差清算远期成交通知	双向：Out-In	私有服务	PRV-FXTSCSTP-I-0003	成交通知-轧差清算远期交易	FXTS-FXCSTP-1-5	/			/	IMIX	外汇交易系统	外汇交易直通式处理系统（外汇CSTP）
PRV-RMBTS-I-0036	交易后服务体系	交易后服务数据	交易中止数据	/	本币利率互换提前终止请求	双向：Out-In	私有服务	PRV-SHCH-I-0017	IRS净额清算-提前终止	RMBTS-SHCH-19-1	/			89.0	IMIX	本币交易系统	上海清算所
PRV-SHCH-I-0017	交易后服务体系	交易后服务数据	交易中止数据	/	本币利率互换提前终止响应（终止承接结果）	单向：Out-Only	私有服务	PRV-RMBTS-I-0036	IRS净额清算-提前终止日终反馈	RMBTS-SHCH-19-2	/			89.0	IMIX	上海清算所	本币交易系统
PRV-PTPS-I-0003	交易后服务体系	交易后服务数据	交易中止数据	/	本币提前终止撤销反馈--交易后	单向：Out-Only	私有服务	PRV-RMBTS-I-0060	提前终止撤销反馈	RMBTS-PTPS-5-R	/			90.0	IMIX	交易后处理系统	本币交易系统
PRV-RMBTS-I-0060	交易后服务体系	交易后服务数据	交易中止数据	/	本币提前终止撤销--交易后	双向：Out-In	私有服务	PRV-PTPS-I-0003	提前终止撤销	RMBTS-PTPS-5	/			90.0	IMIX	本币交易系统	交易后处理系统
PUB-RMBTS-I-0153	交易后服务体系	交易后服务数据	交易中止数据	/	本币提前终止请求--交易后	单向：Out-Only	私有服务		提前终止	RMBTS-PTPS-4	/			/	IMIX	本币交易系统	交易后处理系统
PRV-PTPS-I-0008	交易后服务体系	交易后服务数据	交易中止数据	/	本币提前终止请求--清算所	双向：Out-In	私有服务	PRV-SHCH-I-0062	提前终止申请	PTPS-IHUb-SHCH-2	/			91.0	IMIX	交易后处理系统	上海清算所
PRV-SHCH-I-0062	交易后服务体系	交易后服务数据	交易中止数据	/	本币提前终止响应（退出承接结果）--清算所	单向：Out-Only	私有服务	PRV-PTPS-I-0008	清算承接结果（提前终止）	SHCH-Ihub-PTPS-2	/			91.0	IMIX	上海清算所	交易后处理系统
PRV-RMBTS-I-0038	交易后服务体系	交易后服务数据	交易状态通知数据	/	本币利率互换净额清算确认结束状态	双向：Out-In	私有服务	PRV-SHCH-I-0020	IRS净额清算-确认结束状态	RMBTS-SHCH-22-1	/			92.0	IMIX	本币交易系统	上海清算所
PRV-SHCH-I-0020	交易后服务体系	交易后服务数据	交易状态通知数据	/	本币利率互换净额清算确认结束状态反馈	单向：Out-Only	私有服务	PRV-RMBTS-I-0038	IRS净额清算-确认结束反馈	RMBTS-SHCH-22-2	/			92.0	IMIX	上海清算所	本币交易系统
PUB-RMBTS-I-0165	交易后服务体系	交易后服务数据	交易状态通知数据	/	利率互换期权行权状态更新	单向：Out-Only	公有服务		利率互换期权市场行权状态更新	RMBTS-PTPS-14	/			/	IMIX	本币交易系统	交易后处理系统
PRV-SHCH-I-0053	交易后服务体系	清算风险数据	清算额度	/	本币标准产品会员限额调整请求	双向：Out-In	私有服务	PRV-XTRADE-I-0002	清算所-会员限额调整	SHCH-XTRADE-SIRS-2	/			93.0	IMIX	上海清算所	标准金融资产及衍生品交易系统
PRV-XTRADE-I-0002	交易后服务体系	清算风险数据	清算额度	/	本币标准产品会员限额调整响应	单向：Out-Only	私有服务	PRV-SHCH-I-0053	清算所-会员限额调整-反馈	SHCH-XTRADE-SIRS-2-R	/			93.0	IMIX	标准金融资产及衍生品交易系统	上海清算所
PRV-SHCH-I-0057	交易后服务体系	清算风险数据	清算额度	/	本币标准产品下一日会员持仓限额和头寸请求	双向：Out-In	私有服务	PRV-XTRADE-I-0006	清算所-下一日会员持仓限额和头寸	SHCH-XTRADE-SIRS-6	/			94.0	IMIX	上海清算所	标准金融资产及衍生品交易系统
PRV-XTRADE-I-0006	交易后服务体系	清算风险数据	清算额度	/	本币标准产品下一日会员持仓限额和头寸响应	单向：Out-Only	私有服务	PRV-SHCH-I-0057	清算所-下一日会员持仓限额和头寸-反馈	SHCH-XTRADE-SIRS-6-R	/			94.0	IMIX	标准金融资产及衍生品交易系统	上海清算所
PRV-RMBTS-I-0052	交易后服务体系	清算风险数据	清算额度	/	本币标准利率互换会员限额调整请求	单向：Out-Only	私有服务	PRV-SHCH-I-0031	标准利率互换集中清算业务-会员限额调整请求	RMBTS-SHCH-36-1	确定合并，本币发送给上清所的标准利率互换、标准债券远期会员限额调整请求服务合并			95.0	IMIX	本币交易系统	上海清算所
PRV-SHCH-I-0031	交易后服务体系	清算风险数据	清算额度	/	本币标准利率互换会员限额调整响应	双向：In-Out	私有服务	PRV-RMBTS-I-0052	标准利率互换集中清算业务-会员限额调整响应	RMBTS-SHCH-36-2	确定合并，上清所发送给本币的标准利率互换、标准债券远期会员限额调整响应服务合并			95.0	IMIX	上海清算所	本币交易系统
PRV-SHCH-I-0048	交易后服务体系	清算风险数据	清算额度	/	本币标准利率互换下一日会员持仓限额和头寸请求	双向：Out-In	私有服务	PRV-RMBTS-I-0071	标准利率互换集中清算业务-下一日会员持仓限额和头寸全量数据	SHCH-RMBTS-15-1	确定合并，本币发送给上清所的标准利率互换、标准债券远期下一日会员持仓限额和头寸请求服务合并			96.0	IMIX	上海清算所	本币交易系统
PRV-RMBTS-I-0071	交易后服务体系	清算风险数据	清算额度	/	本币标准利率互换下一日会员持仓限额和头寸响应	单向：Out-Only	私有服务	PRV-SHCH-I-0048	标准利率互换集中清算业务-下一日会员持仓限额和头寸全量数据反馈	SHCH-RMBTS-15-2	确定合并，上清所发送给本币的标准利率互换、标准债券远期下一日会员持仓限额和头寸响应服务合并			96.0	IMIX	本币交易系统	上海清算所
PRV-RMBTS-I-0042	交易后服务体系	清算风险数据	清算额度	/	本币标准债券远期会员限额调整请求	单向：Out-Only	私有服务	PRV-SHCH-I-0023	标准债券远期集中净额清算业务-会员限额调整请求	RMBTS-SHCH-26-1	确定合并，本币发送给上清所的标准利率互换、标准债券远期会员限额调整请求服务合并			97.0	IMIX	本币交易系统	上海清算所
PRV-SHCH-I-0023	交易后服务体系	清算风险数据	清算额度	/	本币标准债券远期会员限额调整响应	双向：In-Out	私有服务	PRV-RMBTS-I-0042	标准债券远期集中净额清算业务-会员限额调整响应	RMBTS-SHCH-26-2	确定合并，上清所发送给本币的标准利率互换、标准债券远期会员限额调整响应服务合并			97.0	IMIX	上海清算所	本币交易系统
PRV-SHCH-I-0046	交易后服务体系	清算风险数据	清算额度	/	本币标准债券远期下一日会员持仓限额和头寸请求	双向：Out-In	私有服务	PRV-RMBTS-I-0069	标准债券远期集中净额清算业务-下一日会员持仓限额和头寸全量数据	SHCH-RMBTS-13-1	确定合并，本币发送给上清所的标准利率互换、标准债券远期下一日会员持仓限额和头寸请求服务合并			98.0	IMIX	上海清算所	本币交易系统
PRV-RMBTS-I-0069	交易后服务体系	清算风险数据	清算额度	/	本币标准债券远期下一日会员持仓限额和头寸响应	单向：Out-Only	私有服务	PRV-SHCH-I-0046	标准债券远期集中净额清算业务-下一日会员持仓限额和头寸全量数据反馈	SHCH-RMBTS-13-2	确定合并，上清所发送给本币的标准利率互换、标准债券远期下一日会员持仓限额和头寸响应服务合并			98.0	IMIX	本币交易系统	上海清算所
PRV-SHCH-I-0016	交易后服务体系	清算结算数据	清算进入退出记录	/	本币利率互换清算退出反馈（退出承接结果）--清算所	单向：Out-Only	私有服务	PRV-RMBTS-I-0035	IRS净额清算-利率互换（IRS）清算退出日终反馈	RMBTS-SHCH-18-2	/			99.0	IMIX	上海清算所	本币交易系统
PUB-RMBTS-I-0152	交易后服务体系	清算结算数据	清算进入退出记录	/	本币利率互换清算退出请求--交易后	单向：Out-Only	私有服务		单笔IRS交易申请清算退出	RMBTS-PTPS-3	/			/	IMIX	本币交易系统	交易后处理系统
PRV-RMBTS-I-0035	交易后服务体系	清算结算数据	清算进入退出记录	/	本币利率互换清算退出请求--清算所	双向：Out-In	私有服务	PRV-SHCH-I-0016	IRS净额清算-利率互换（IRS）清算退出	RMBTS-SHCH-18-1	/			99.0	IMIX	本币交易系统	上海清算所
PUB-RMBTS-I-0160	交易后服务体系	清算结算数据	清算进入退出记录	/	本币清算进入	单向：Out-Only	私有服务		清算进入	RMBTS-PTPS-7	/			/	IMIX	本币交易系统	交易后处理系统
PRV-SHCH-I-0063	交易后服务体系	清算结算数据	清算进入退出记录	/	本币清算退出反馈（终止承接结果）	单向：Out-Only	私有服务	PRV-PTPS-I-0009	清算承接结果（清算退出）	SHCH-Ihub-PTPS-1	/			100.0	IMIX	上海清算所	交易后处理系统
PRV-PTPS-I-0009	交易后服务体系	清算结算数据	清算进入退出记录	/	本币清算退出请求	双向：Out-In	私有服务	PRV-SHCH-I-0063	清算退出（多边冲销引起）	PTPS-IHUb-SHCH-3	/			100.0	IMIX	交易后处理系统	上海清算所
PRV-SHCH-I-0018	交易后服务体系	清算结算数据	清算数据	承接数据	本币利率互换清算承接审核结果	单向：Out-Only	私有服务		IRS净额清算-清算承接审核结果反馈	RMBTS-SHCH-20	/			/	IMIX	上海清算所	本币交易系统
PRV-RMBTS-I-0039	交易后服务体系	清算结算数据	清算数据	承接数据	本币利率互换清算承接实时反馈	单向：Out-Only	私有服务		IRS净额清算-交易中心实时反馈	RMBTS-SHCH-23	/			/	IMIX	本币交易系统	上海清算所
PUB-PTPS-I-0006	交易后服务体系	清算结算数据	清算数据	清算相关数据	本币利率互换清算数据	单向：Out-Only	私有服务		IRS净额清算交易	PTPS-IHUb-SHCH-1	/			/	IMIX	交易后处理系统	上海清算所
PUB-SHCH-I-0004	交易后服务体系	清算结算数据	清算数据	承接数据	本币利率互换市场清算承接审核结果统计	单向：Out-Only	私有服务		IRS净额清算-审核结果统计	SHCH-RMBTS-9	/			/	IMIX	上海清算所	本币交易系统
PRV-SHCH-I-0068	交易后服务体系	清算结算数据	清算数据	承接数据	本币清算承接审核结果	单向：Out-Only	私有服务		清算承接结果（审核结果）	SHCH-Ihub-PTPS-3	/			/	IMIX	上海清算所	交易后处理系统
PRV-SHCH-I-0069	交易后服务体系	清算结算数据	清算数据	承接数据	本币清算承接实时反馈	单向：Out-Only	私有服务		交易中心实时反馈	SHCH-Ihub-PTPS-7	/			/	IMIX	交易后处理系统	上海清算所
PRV-SHCH-I-0043	交易后服务体系	清算结算数据	清算数据	清算相关数据	清算所托管余额传输(超短期融资券/信用风险缓释凭证/定向工具/短期融资券/ABS/同业存单)	双向：Out-In	私有服务	PRV-RMBTS-I-0066	托管余额传输-托管余额传输(超短期融资券/信用风险缓释凭证/定向工具/短期融资券/ABS/同业存单)	SHCH-RMBTS-8-2	/			/	IMIX	上海清算所	本币交易系统
PUB-SHCH-I-0011	交易后服务体系	清算结算数据	清算数据	承接数据	外汇竞价会员清算数据	单向：Out-Only	公有服务		清算数据	SHCH-FXTS-8	/			/	IMIX	上海清算所	外汇交易系统
PUB-SHCH-I-0012	交易后服务体系	清算结算数据	清算数据	清算相关数据	外汇竞价会员头寸（未清算）数据	单向：Out-Only	公有服务		会员头寸信息（未清算数据）	SHCH-FXTS-9	/			/	IMIX	上海清算所	外汇交易系统
PUB-SHCH-I-0007	交易后服务体系	清算结算数据	清算数据	清算相关数据	外汇未纳入净额清算交易数据	单向：Out-Only	公有服务		未纳入净额清算	SHCH-FXTS-4	/			/	IMIX	上海清算所	外汇交易系统
PRV-RMBSCM-I-0009	交易后服务体系	清算结算数据	清算数据	清算相关数据	现券市场计算请求--结算代理模块	单向：Out-Only	私有服务	PRV-RMBTS-I-0019	结算代理模块向本币发送现券市场的计算请求	RMBTS-RMBSCM-1-1	/			9.0	IMIX	结算代理模块	本币交易系统
PRV-RMBTS-I-0019	交易后服务体系	清算结算数据	清算数据	清算相关数据	现券市场计算响应--结算代理模块	双向：In-Out	私有服务	PRV-RMBSCM-I-0009	本币向结算代理模块发送计算请求响应	RMBTS-RMBSCM-1-2	/			9.0	IMIX	本币交易系统	结算代理模块
PRV-SHCH-I-0045	交易后服务体系	清算结算数据	清算数据	承接数据	债券交易净额清算-净额清算承接结果反馈	单向：Out-Only	私有服务	PRV-RMBTS-I-0068	债券交易净额清算-净额清算承接结果反馈	SHCH-RMBTS-11-1	/			/	IMIX	上海清算所	本币交易系统
PRV-SHCH-I-0044	交易后服务体系	清算结算数据	清算数据	清算相关数据	债券交易净额清算--质押式回购净额清算债券列表	双向：Out-In	私有服务	PRV-RMBTS-I-0067	债券交易净额清算-质押式回购净额清算债券列表	SHCH-RMBTS-10-1	/			/	IMIX	上海清算所	本币交易系统
PUB-SHCH-I-0008	交易后服务体系	清算风险数据	违约数据	/	外汇竞价会员日间逾期数据	单向：Out-Only	公有服务		日间会员逾期信息	SHCH-FXTS-5	/			/	IMIX	上海清算所	外汇交易系统
PUB-SHCH-I-0009	交易后服务体系	清算结算数据	应收应付数据	/	外汇竞价会员日间实际到账数据	单向：Out-Only	公有服务		日间会员实际到账数据信息	SHCH-FXTS-6	/			/	IMIX	上海清算所	外汇交易系统
PUB-BMS-I-0001	信息服务体系	信息数据	产品估值数据	/	债券动态估值	单向：Out-Only	公有服务		债券估值－债券动态估值	BMS-CMDS-30	/			/	IMIX	市场基准参考系统	市场数据发布系统
PUB-BMS-I-0002	信息服务体系	信息数据	产品估值数据	/	债券收盘估值	单向：Out-Only	公有服务		债券估值－债券收盘估值	BMS-CMDS-31	/			/	IMIX	市场基准参考系统	市场数据发布系统
PUB-BMS-I-0007	信息服务体系	信息数据	关键指标数据	/	Shibor报价行报价	单向：Out-Only	公有服务		Shibor数据－Shibor报价行报价	BMS-CMDS-4	/			/	IMIX	市场基准参考系统	市场数据发布系统
PUB-BMS-I-0003	信息服务体系	信息数据	关键指标数据	/	Shibor报价品种--基准	单向：Out-Only	公有服务		Shibor－Shibor报价品种	BMS-RMBTS-16	/			/	IMIX	市场基准参考系统	本币交易系统
PUB-SHIBOR-I-0003	信息服务体系	信息数据	关键指标数据	/	Shibor报价品种--基准	单向：Out-Only	公有服务		SHIBOR报价品种数据	SHIBOR-RMBTS-3	/			/	IMIX	上海银行间同业拆放利率系统	本币交易系统
PUB-SHIBOR-I-0001	信息服务体系	信息数据	关键指标数据	/	Shibor均值数据--shibor系统	单向：Out-Only	公有服务		SHIBOR均值数据	SHIBOR-RMBTS-1	/			/	IMIX	上海银行间同业拆放利率系统	本币交易系统
PUB-BMS-I-0008	信息服务体系	信息数据	关键指标数据	/	Shibor均值数据--基准	单向：Out-Only	公有服务		Shibor－Shibor移动均值	BMS-RMBTS-15	/			/	IMIX	市场基准参考系统	本币交易系统
PUB-BMS-I-0006	信息服务体系	信息数据	关键指标数据	/	Shibor值	单向：Out-Only	公有服务		Shibor－Shibor值	BMS-RMBTS-14	/			/	IMIX	市场基准参考系统	本币交易系统
PUB-BMS-I-0010	信息服务体系	信息数据	关键指标数据	/	贷款基础利率LPR	单向：Out-Only	公有服务		贷款基础利率－贷款基础利率LPR	BMS-CMDS-41	/			/	IMIX	市场基准参考系统	市场数据发布系统
PUB-BMS-I-0012	信息服务体系	信息数据	关键指标数据	/	贷款基础利率LPR报价行报价	单向：Out-Only	公有服务		贷款基础利率－贷款基础利率LPR报价行报价	BMS-CMDS-43	/			/	IMIX	市场基准参考系统	市场数据发布系统
PUB-BMS-I-0011	信息服务体系	信息数据	关键指标数据	/	贷款基础利率LPR移动均值	单向：Out-Only	公有服务		贷款基础利率－贷款基础利率LPR移动均值	BMS-CMDS-42	/			/	IMIX	市场基准参考系统	市场数据发布系统
PUB-SGE-I-0001	信息服务体系	信息数据	关键指标数据	/	黄金基准价	单向：Out-Only	公有服务		黄金基准价	SGE-FXTS-1	/			/	IMIX	上海黄金交易所	外汇交易系统
PUB-BMS-I-0004	信息服务体系	信息数据	关键指标数据	/	回购定盘利率数据	单向：Out-Only	公有服务		回购定盘－回购定盘利率数据	BMS-RMBTS-2	/			/	IMIX	市场基准参考系统	本币交易系统
PUB-BMS-I-0009	信息服务体系	信息数据	关键指标数据	/	美元隐含利率	单向：Out-Only	公有服务		美元隐含利率－美元隐含利率数据	BMS-CMDS-25	/			/	IMIX	市场基准参考系统	市场数据发布系统
PUB-BMS-I-0005	信息服务体系	信息数据	关键指标数据	/	七天回购移动平均利率数据	单向：Out-Only	公有服务		回购定盘－七天回购移动平均利率数据	BMS-RMBTS-3	/			/	IMIX	市场基准参考系统	本币交易系统
PUB-FXTS-I-0004	信息服务体系	信息数据	关键指标数据	/	人民币外汇中间价	单向：Out-Only	公有服务		人民币中间价	FXTS-CHINAMONEY-1	/			/	IMIX	外汇交易系统	中国货币网
PUB-BMS-I-0018	信息服务体系	信息数据	关键指标数据	/	外汇期权delta参数	单向：Out-Only	公有服务		外汇期权delta参数－外汇期权delta参数	BMS-CMDS-39	/			/	IMIX	市场基准参考系统	市场数据发布系统
PUB-SHIBOR-I-0002	信息服务体系	信息数据	关键指标数据	/	中国货币市场基准利率	单向：Out-Only	公有服务		中国货币市场基准利率	SHIBOR-RMBTS-2	/			/	IMIX	上海银行间同业拆放利率系统	本币交易系统
PUB-BMS-I-0042	信息服务体系	信息数据	基准曲线	/	FR007利率互换报价曲线	单向：Out-Only	公有服务		FR007利率互换－FR007利率互换报价曲线	BMS-CMDS-27	将基准系统发送给市场数据发布系统的FR007利率互换报价曲线服务合并至基准发给本币的FR007利率互换曲线			/	IMIX	市场基准参考系统	市场数据发布系统
PUB-BMS-I-0023	信息服务体系	信息数据	基准曲线	/	FR007利率互换曲线	单向：Out-Only	公有服务		利率互换－FR007利率互换曲线	BMS-RMBTS-8	/			/	IMIX	市场基准参考系统	本币交易系统
PUB-BMS-I-0031	信息服务体系	信息数据	基准曲线	/	Shibor利率互换报价曲线	单向：Out-Only	公有服务		Shibor数据－Shibor3M利率互换报价曲线	BMS-CMDS-7	将基准系统发送给市场数据发布系统的Shibor利率互换报价曲线服务合并至基准发给本币的Shibor利率互换曲线			/	IMIX	市场基准参考系统	市场数据发布系统
PUB-BMS-I-0022	信息服务体系	信息数据	基准曲线	/	Shibor利率互换曲线	单向：Out-Only	公有服务		利率互换－Shibor1W利率互换曲线	BMS-RMBTS-7	确定合并，将基准系统发送给本币的Shibor1W、Shibor3W、Shibor0W利率互换曲线服务合并			/	IMIX	市场基准参考系统	本币交易系统
PUB-BMS-I-0020	信息服务体系	信息数据	基准曲线	/	Shibor利率互换曲线	单向：Out-Only	公有服务		利率互换－Shibor3M利率互换曲线	BMS-RMBTS-5	确定合并，将基准系统发送给本币的Shibor1W、Shibor3W、Shibor0W利率互换曲线服务合并			/	IMIX	市场基准参考系统	本币交易系统
PUB-BMS-I-0021	信息服务体系	信息数据	基准曲线	/	Shibor利率互换曲线	单向：Out-Only	公有服务		利率互换－ShiborON利率互换曲线	BMS-RMBTS-6	确定合并，将基准系统发送给本币的Shibor1W、Shibor3W、Shibor0W利率互换曲线服务合并			/	IMIX	市场基准参考系统	本币交易系统
PUB-BMS-I-0024	信息服务体系	信息数据	基准曲线	/	贷款利率互换曲线	单向：Out-Only	公有服务		贷款利率互换－1年贷款利率互换曲线	BMS-RMBTS-9	确定合并，将基准系统发送给本币的1年、3年、5年贷款利率互换曲线服务合并			/	IMIX	市场基准参考系统	本币交易系统
PUB-BMS-I-0025	信息服务体系	信息数据	基准曲线	/	贷款利率互换曲线	单向：Out-Only	公有服务		贷款利率互换－3年贷款利率互换曲线	BMS-RMBTS-10	确定合并，将基准系统发送给本币的1年、3年、5年贷款利率互换曲线服务合并			/	IMIX	市场基准参考系统	本币交易系统
PUB-BMS-I-0026	信息服务体系	信息数据	基准曲线	/	贷款利率互换曲线	单向：Out-Only	公有服务		贷款利率互换－5年贷款利率互换曲线	BMS-RMBTS-11	确定合并，将基准系统发送给本币的1年、3年、5年贷款利率互换曲线服务合并			/	IMIX	市场基准参考系统	本币交易系统
PUB-BMS-I-0038	信息服务体系	信息数据	基准曲线	/	当日做市券种	单向：Out-Only	公有服务		收益率曲线－当日做市券种	BMS-CMDS-16	/			/	IMIX	市场基准参考系统	市场数据发布系统
PUB-BMS-I-0046	信息服务体系	信息数据	基准曲线	/	货币掉期曲线	单向：Out-Only	公有服务		货币掉期－人民币Shibor3M对美元Libor3M货币掉期曲线	BMS-CMDS-38	确定合并，将基准系统发送给市场数据发布系统的人民币Shibor3M对美元Libor3M、人民币固定利率对美元Libor3M货币掉期曲线服务合并			/	IMIX	市场基准参考系统	市场数据发布系统
PUB-BMS-I-0045	信息服务体系	信息数据	基准曲线	/	货币掉期曲线	单向：Out-Only	公有服务		货币掉期－人民币固定利率对美元Libor3M货币掉期曲线	BMS-CMDS-37	确定合并，将基准系统发送给市场数据发布系统的人民币Shibor3M对美元Libor3M、人民币固定利率对美元Libor3M货币掉期曲线服务合并			/	IMIX	市场基准参考系统	市场数据发布系统
PUB-BMS-I-0040	信息服务体系	信息数据	基准曲线	/	基准券定盘曲线最优报价行情	单向：Out-Only	公有服务		收益率曲线－基准券定盘曲线最优报价	BMS-CMDS-18	/			/	IMIX	市场基准参考系统	市场数据发布系统
PUB-BMS-I-0039	信息服务体系	信息数据	基准曲线	/	基准券定盘收益率曲线	单向：Out-Only	公有服务		收益率曲线－基准券定盘曲线	BMS-CMDS-17	/			/	IMIX	市场基准参考系统	市场数据发布系统
PUB-BMS-I-0033	信息服务体系	信息数据	基准曲线	/	基准券实时最优报价	单向：Out-Only	公有服务		收益率曲线－基准券实时报价	BMS-CMDS-11	/			/	IMIX	市场基准参考系统	市场数据发布系统
PUB-BMS-I-0027	信息服务体系	信息数据	基准曲线	/	利率互换定收盘曲线	单向：Out-Only	公有服务		利率互换定收盘－一年定存(季付)利率互换曲线	BMS-RMBTS-13	确定合并，将基准系统发送给市场数据发布系统的一年定存(季付)、一年定存(年付)利率互换定收盘曲线服务合并			/	IMIX	市场基准参考系统	本币交易系统
PUB-BMS-I-0019	信息服务体系	信息数据	基准曲线	/	利率互换定收盘曲线	单向：Out-Only	公有服务		回购定盘－一年定存(年付)利率互换定收盘曲线	BMS-RMBTS-4	确定合并，将基准系统发送给市场数据发布系统的一年定存(季付)、一年定存(年付)利率互换定收盘曲线服务合并			/	IMIX	市场基准参考系统	本币交易系统
PUB-BMS-I-0043	信息服务体系	信息数据	基准曲线	/	美元对人民币外汇远期曲线	单向：Out-Only	公有服务		外汇远期－美元对人民币外汇远期曲线	BMS-CMDS-28	/			/	IMIX	市场基准参考系统	市场数据发布系统
PUB-BMS-I-0044	信息服务体系	信息数据	基准曲线	/	美元对人民币外汇远期最优报价曲线	单向：Out-Only	公有服务		外汇远期－美元对人民币外汇远期报价曲线	BMS-CMDS-29	/			/	IMIX	市场基准参考系统	市场数据发布系统
PUB-BMS-I-0028	信息服务体系	信息数据	基准曲线	/	实时收益率曲线	单向：Out-Only	公有服务		收益率曲线－实时收益率曲线	BMS-RMBTS-17	/			/	IMIX	市场基准参考系统	本币交易系统
PUB-BMS-I-0030	信息服务体系	信息数据	基准曲线	/	实时收益率曲线--基准券	单向：Out-Only	公有服务		收益率曲线－基准券实时曲线	BMS-CGM-1	将基准系统发送给市场数据发布系统的基准券实时曲线服务合并至基准发给市场数据发布系统的基准券实时收益率曲线			/	IMIX	市场基准参考系统	本币透明度系统
PUB-BMS-I-0032	信息服务体系	信息数据	基准曲线	/	实时收益率曲线--基准券	单向：Out-Only	公有服务		收益率曲线－基准券实时收益率曲线	BMS-CMDS-10	将基准系统发送给市场数据发布系统的基准券实时曲线服务合并至基准发给市场数据发布系统的基准券实时收益率曲线			/	IMIX	市场基准参考系统	市场数据发布系统
PUB-BMS-I-0029	信息服务体系	信息数据	基准曲线	/	收盘到期收益率曲线	单向：Out-Only	公有服务		收益率曲线－收盘到期收益率曲线	BMS-RMBTS-18	/			/	IMIX	市场基准参考系统	本币交易系统
PUB-BMS-I-0034	信息服务体系	信息数据	基准曲线	/	收盘收益率曲线	单向：Out-Only	公有服务		收益率曲线－收盘曲线	BMS-CMDS-12	/			/	IMIX	市场基准参考系统	市场数据发布系统
PUB-BMS-I-0036	信息服务体系	信息数据	基准曲线	/	收盘收益率曲线成交样本	单向：Out-Only	公有服务		收益率曲线－收盘曲线成交样本	BMS-CMDS-14	/			/	IMIX	市场基准参考系统	市场数据发布系统
PUB-BMS-I-0035	信息服务体系	信息数据	基准曲线	/	收盘收益率曲线双边报价样本	单向：Out-Only	公有服务		收益率曲线－收盘曲线双边报价样本	BMS-CMDS-13	/			/	IMIX	市场基准参考系统	市场数据发布系统
PUB-BMS-I-0014	信息服务体系	信息数据	基准曲线	/	外汇掉期曲线	单向：Out-Only	公有服务		外汇掉期-SecurityID=CSCRUSD0	BMS-CMDS-21	确定合并，将基准系统发送给市场数据发布系统的外汇掉期曲线服务合并			/	IMIX	市场基准参考系统	市场数据发布系统
PUB-BMS-I-0016	信息服务体系	信息数据	基准曲线	/	外汇掉期曲线	单向：Out-Only	公有服务		外汇掉期－SecurityID=CSCRUSDA	BMS-CMDS-23	确定合并，将基准系统发送给市场数据发布系统的外汇掉期曲线服务合并			/	IMIX	市场基准参考系统	市场数据发布系统
PUB-BMS-I-0015	信息服务体系	信息数据	基准曲线	/	外汇掉期曲线	单向：Out-Only	公有服务		外汇掉期－SecurityID=CSCRUSDB	BMS-CMDS-22	确定合并，将基准系统发送给市场数据发布系统的外汇掉期曲线服务合并			/	IMIX	市场基准参考系统	市场数据发布系统
PUB-BMS-I-0017	信息服务体系	信息数据	基准曲线	/	外汇掉期曲线	单向：Out-Only	公有服务		外汇掉期－SecurityID=CSCAUSD0	BMS-CMDS-24	确定合并，将基准系统发送给市场数据发布系统的外汇掉期曲线服务合并			/	IMIX	市场基准参考系统	市场数据发布系统
PUB-BMS-I-0047	信息服务体系	信息数据	基准曲线	/	外汇期权波动率曲线	单向：Out-Only	公有服务		外汇期权波动率－外汇期权波动率曲线	BMS-CMDS-40	/			/	IMIX	市场基准参考系统	市场数据发布系统
PUB-BMS-I-0037	信息服务体系	信息数据	基准曲线	/	做市券种最优双边报价	单向：Out-Only	公有服务		收益率曲线－做市券种最优双边报价	BMS-CMDS-15	/			/	IMIX	市场基准参考系统	市场数据发布系统
PUB-BMS-I-0041	信息服务体系	信息数据	基准指数	/	债券指数K线数据	单向：Out-Only	公有服务		债券指数-债券指数K线数据	BMS-CMDS-19	/			/	IMIX	市场基准参考系统	市场数据发布系统
PUB-BMS-I-0013	信息服务体系	信息数据	基准指数	/	债券指数日内数据	单向：Out-Only	公有服务		债券指数-债券指数日内数据	BMS-CMDS-20	/			/	IMIX	市场基准参考系统	市场数据发布系统
PUB-DPS-I-0002	信息服务体系	信息数据	增值行情数据		存款类机构货币市场行情	单向：Out-Only	公有服务		存款类机构货币市场行情	DPS-RMBMSS-2	/			/	IMIX	数据处理系统	本币监测系统
